"../../../Engine/Plugins/Animation/ACLPlugin/Content/ACLAnimCurveCompressionSettings.uasset" 0
"../../../Engine/Plugins/Animation/ACLPlugin/Content/ACLAnimCurveCompressionSettings.uexp" 1
"../../../Engine/Plugins/Animation/ACLPlugin/Content/ACLAnimBoneCompressionSettings.uasset" 2
"../../../Engine/Plugins/Animation/ACLPlugin/Content/ACLAnimBoneCompressionSettings.uexp" 3
"../../../Engine/Plugins/2D/Paper2D/Content/PlaceholderTextures/DummySpriteTexture.ubulk" 4
"../../../Engine/Plugins/2D/Paper2D/Content/PlaceholderTextures/DummySpriteTexture.uasset" 5
"../../../Engine/Plugins/2D/Paper2D/Content/PlaceholderTextures/DummySpriteTexture.uexp" 6
"../../../Engine/Plugins/2D/Paper2D/Content/DummySprite.uasset" 7
"../../../Engine/Plugins/2D/Paper2D/Content/DummySprite.uexp" 8
"../../../Engine/Plugins/2D/Paper2D/Content/DefaultPaperTerrainMaterial.uasset" 9
"../../../Engine/Plugins/2D/Paper2D/Content/DefaultPaperTerrainMaterial.uexp" 10
"../../../Engine/Content/Animation/DefaultVariableFrameStrippingSettings.uasset" 11
"../../../Engine/Content/Animation/DefaultVariableFrameStrippingSettings.uexp" 12
"../../../Engine/Content/Animation/DefaultRecorderBoneCompression.uasset" 13
"../../../Engine/Content/Animation/DefaultRecorderBoneCompression.uexp" 14
"../../../Engine/Plugins/Animation/ControlRig/Content/Controls/DefaultGizmoLibraryNormalized.uasset" 15
"../../../Engine/Plugins/Animation/ControlRig/Content/Controls/DefaultGizmoLibraryNormalized.uexp" 16
"../../../Engine/Content/EngineSounds/Master.uasset" 17
"../../../Engine/Content/EngineSounds/Master.uexp" 18
"../../../Engine/Content/EngineMaterials/DefaultPhysicalMaterial.uasset" 19
"../../../Engine/Content/EngineMaterials/DefaultPhysicalMaterial.uexp" 20
"../../../Engine/Content/EngineMaterials/DefaultDestructiblePhysicalMaterial.uasset" 21
"../../../Engine/Content/EngineMaterials/DefaultDestructiblePhysicalMaterial.uexp" 22
"../../../Engine/Content/EngineFonts/Faces/DroidSansFallback.uexp" 23
"../../../Engine/Content/EngineFonts/Faces/DroidSansFallback.uasset" 24
"../../../Engine/Content/EngineFonts/Faces/DroidSansFallback.ufont" 25
"../../../Engine/Content/EngineFonts/Faces/RobotoBold.uexp" 26
"../../../Engine/Content/EngineFonts/Faces/RobotoBold.uasset" 27
"../../../Engine/Content/EngineFonts/Faces/RobotoBold.ufont" 28
"../../../Engine/Content/EngineFonts/Faces/RobotoBoldItalic.uexp" 29
"../../../Engine/Content/EngineFonts/Faces/RobotoBoldItalic.uasset" 30
"../../../Engine/Content/EngineFonts/Faces/RobotoBoldItalic.ufont" 31
"../../../Engine/Content/EngineFonts/Faces/RobotoItalic.uexp" 32
"../../../Engine/Content/EngineFonts/Faces/RobotoItalic.uasset" 33
"../../../Engine/Content/EngineFonts/Faces/RobotoItalic.ufont" 34
"../../../Engine/Content/EngineFonts/Faces/RobotoLight.uexp" 35
"../../../Engine/Content/EngineFonts/Faces/RobotoLight.uasset" 36
"../../../Engine/Content/EngineFonts/Faces/RobotoLight.ufont" 37
"../../../Engine/Content/EngineFonts/Faces/RobotoRegular.uexp" 38
"../../../Engine/Content/EngineFonts/Faces/RobotoRegular.uasset" 39
"../../../Engine/Content/EngineFonts/Faces/RobotoRegular.ufont" 40
"../../../Engine/Content/EngineFonts/Roboto.uasset" 41
"../../../Engine/Content/EngineFonts/Roboto.uexp" 42
"../../../Engine/Content/EngineFonts/Faces/DroidSansMono.uexp" 43
"../../../Engine/Content/EngineFonts/Faces/DroidSansMono.uasset" 44
"../../../Engine/Content/EngineFonts/Faces/DroidSansMono.ufont" 45
"../../../Engine/Content/EngineFonts/DroidSansMono.uasset" 46
"../../../Engine/Content/EngineFonts/DroidSansMono.uexp" 47
"../../../Engine/Plugins/Interchange/Runtime/Content/Pipelines/DefaultTexturePipeline.uasset" 48
"../../../Engine/Plugins/Interchange/Runtime/Content/Pipelines/DefaultTexturePipeline.uexp" 49
"../../../Engine/Plugins/Interchange/Runtime/Content/Pipelines/DefaultSceneLevelPipeline.uasset" 50
"../../../Engine/Plugins/Interchange/Runtime/Content/Pipelines/DefaultSceneLevelPipeline.uexp" 51
"../../../Engine/Plugins/Interchange/Runtime/Content/Pipelines/DefaultSceneAssetsPipeline.uasset" 52
"../../../Engine/Plugins/Interchange/Runtime/Content/Pipelines/DefaultSceneAssetsPipeline.uexp" 53
"../../../Engine/Plugins/Interchange/Runtime/Content/Pipelines/DefaultMaterialXPipeline.uasset" 54
"../../../Engine/Plugins/Interchange/Runtime/Content/Pipelines/DefaultMaterialXPipeline.uexp" 55
"../../../Engine/Plugins/Interchange/Runtime/Content/Pipelines/DefaultMaterialPipeline.uasset" 56
"../../../Engine/Plugins/Interchange/Runtime/Content/Pipelines/DefaultMaterialPipeline.uexp" 57
"../../../Engine/Plugins/Interchange/Runtime/Content/Pipelines/DefaultGLTFSceneAssetsPipeline.uasset" 58
"../../../Engine/Plugins/Interchange/Runtime/Content/Pipelines/DefaultGLTFSceneAssetsPipeline.uexp" 59
"../../../Engine/Plugins/Interchange/Runtime/Content/Pipelines/DefaultGLTFPipeline.uasset" 60
"../../../Engine/Plugins/Interchange/Runtime/Content/Pipelines/DefaultGLTFPipeline.uexp" 61
"../../../Engine/Plugins/Interchange/Runtime/Content/Pipelines/DefaultGLTFAssetsPipeline.uasset" 62
"../../../Engine/Plugins/Interchange/Runtime/Content/Pipelines/DefaultGLTFAssetsPipeline.uexp" 63
"../../../Engine/Plugins/Interchange/Runtime/Content/Pipelines/DefaultAssetsPipeline.uasset" 64
"../../../Engine/Plugins/Interchange/Runtime/Content/Pipelines/DefaultAssetsPipeline.uexp" 65
"../../../Engine/Content/MobileResources/HUD/VirtualJoystick_Thumb.uasset" 66
"../../../Engine/Content/MobileResources/HUD/VirtualJoystick_Thumb.uexp" 67
"../../../Engine/Content/MobileResources/HUD/VirtualJoystick_Background.uasset" 68
"../../../Engine/Content/MobileResources/HUD/VirtualJoystick_Background.uexp" 69
"../../../Engine/Content/MobileResources/HUD/DefaultVirtualJoysticks.uasset" 70
"../../../Engine/Content/MobileResources/HUD/DefaultVirtualJoysticks.uexp" 71
"../../../Engine/Content/EngineResources/GradientTexture0.uasset" 72
"../../../Engine/Content/EngineResources/GradientTexture0.uexp" 73
"../../../Engine/Content/EngineResources/Black.uasset" 74
"../../../Engine/Content/EngineResources/Black.uexp" 75
"../../../Engine/Content/EditorResources/S_Actor.ubulk" 76
"../../../Engine/Content/EditorResources/S_Actor.uasset" 77
"../../../Engine/Content/EditorResources/S_Actor.uexp" 78
"../../../Engine/Content/EditorResources/S_Trigger.ubulk" 79
"../../../Engine/Content/EditorResources/S_Trigger.uasset" 80
"../../../Engine/Content/EditorResources/S_Trigger.uexp" 81
"../../../Engine/Content/EditorResources/S_BoxReflectionCapture.uasset" 82
"../../../Engine/Content/EditorResources/S_BoxReflectionCapture.uexp" 83
"../../../Engine/Content/EngineResources/DefaultTexture.ubulk" 84
"../../../Engine/Content/EngineResources/DefaultTexture.uasset" 85
"../../../Engine/Content/EngineResources/DefaultTexture.uexp" 86
"../../../Engine/Content/EditorResources/S_TriggerBox.uasset" 87
"../../../Engine/Content/EditorResources/S_TriggerBox.uexp" 88
"../../../Engine/Content/EditorResources/S_TriggerCapsule.uasset" 89
"../../../Engine/Content/EditorResources/S_TriggerCapsule.uexp" 90
"../../../Engine/Content/EditorResources/S_TriggerSphere.uasset" 91
"../../../Engine/Content/EditorResources/S_TriggerSphere.uexp" 92
"../../../Engine/Content/EngineMeshes/Sphere.ubulk" 93
"../../../Engine/Content/EngineMeshes/Sphere.uasset" 94
"../../../Engine/Content/EngineMeshes/Sphere.uexp" 95
"../../../Engine/Content/EngineResources/DefaultTextureCube.uasset" 96
"../../../Engine/Content/EngineResources/DefaultTextureCube.uexp" 97
"../../../Engine/Content/VREditor/TransformGizmo/Xray.uasset" 98
"../../../Engine/Content/VREditor/TransformGizmo/Xray.uexp" 99
"../../../Engine/Content/VREditor/TransformGizmo/Main.uasset" 100
"../../../Engine/Content/VREditor/TransformGizmo/Main.uexp" 101
"../../../Engine/Content/VREditor/TransformGizmo/SM_Sequencer_Node.ubulk" 102
"../../../Engine/Content/VREditor/TransformGizmo/SM_Sequencer_Node.uasset" 103
"../../../Engine/Content/VREditor/TransformGizmo/SM_Sequencer_Node.uexp" 104
"../../../Engine/Content/EditorResources/S_Solver.ubulk" 105
"../../../Engine/Content/EditorResources/S_Solver.uasset" 106
"../../../Engine/Content/EditorResources/S_Solver.uexp" 107
"../../../Engine/Content/EditorMaterials/Camera/CineMat.uasset" 108
"../../../Engine/Content/EditorMaterials/Camera/CineMat.uexp" 109
"../../../Engine/Content/EditorMaterials/Camera/MI_CineMat_Rig.uasset" 110
"../../../Engine/Content/EditorMaterials/Camera/MI_CineMat_Rig.uexp" 111
"../../../Engine/Content/EditorMeshes/Camera/SM_CraneRig_Base.ubulk" 112
"../../../Engine/Content/EditorMeshes/Camera/SM_CraneRig_Base.uasset" 113
"../../../Engine/Content/EditorMeshes/Camera/SM_CraneRig_Base.uexp" 114
"../../../Engine/Content/EditorMeshes/Camera/SM_CraneRig_Arm.ubulk" 115
"../../../Engine/Content/EditorMeshes/Camera/SM_CraneRig_Arm.uasset" 116
"../../../Engine/Content/EditorMeshes/Camera/SM_CraneRig_Arm.uexp" 117
"../../../Engine/Content/EditorMeshes/Camera/SM_CraneRig_Mount.ubulk" 118
"../../../Engine/Content/EditorMeshes/Camera/SM_CraneRig_Mount.uasset" 119
"../../../Engine/Content/EditorMeshes/Camera/SM_CraneRig_Mount.uexp" 120
"../../../Engine/Content/EditorMeshes/Camera/SM_CraneRig_Body.ubulk" 121
"../../../Engine/Content/EditorMeshes/Camera/SM_CraneRig_Body.uasset" 122
"../../../Engine/Content/EditorMeshes/Camera/SM_CraneRig_Body.uexp" 123
"../../../Engine/Content/EditorMeshes/Camera/SM_RailRig_Track.ubulk" 124
"../../../Engine/Content/EditorMeshes/Camera/SM_RailRig_Track.uasset" 125
"../../../Engine/Content/EditorMeshes/Camera/SM_RailRig_Track.uexp" 126
"../../../Engine/Plugins/2D/Paper2D/Content/DefaultSpriteMaterial.uasset" 127
"../../../Engine/Plugins/2D/Paper2D/Content/DefaultSpriteMaterial.uexp" 128
"../../../Engine/Plugins/2D/Paper2D/Content/OpaqueUnlitSpriteMaterial.uasset" 129
"../../../Engine/Plugins/2D/Paper2D/Content/OpaqueUnlitSpriteMaterial.uexp" 130
"../../../Engine/Plugins/2D/Paper2D/Content/MaskedUnlitSpriteMaterial.uasset" 131
"../../../Engine/Plugins/2D/Paper2D/Content/MaskedUnlitSpriteMaterial.uexp" 132
"../../../Engine/Plugins/NNE/NNEDenoiser/Content/NNE_oidn2-3-0_rt_hdr_calb_cnrm_large__dyn__fp16_opset11_ForwardAlpha.uasset" 133
"../../../Engine/Plugins/NNE/NNEDenoiser/Content/NNE_oidn2-3-0_rt_hdr_calb_cnrm_large__dyn__fp16_opset11_ForwardAlpha.uexp" 134
"../../../Engine/Plugins/NNE/NNEDenoiser/Content/NNE_oidn2-3-0_rt_hdr_calb_cnrm_large__dyn__fp16_opset11_DenoiseAlpha.uasset" 135
"../../../Engine/Plugins/NNE/NNEDenoiser/Content/NNE_oidn2-3-0_rt_hdr_calb_cnrm_large__dyn__fp16_opset11_DenoiseAlpha.uexp" 136
"../../../Engine/Plugins/NNE/NNEDenoiser/Content/NNE_oidn2-3-0_rt_hdr_alb_nrm__dyn__fp16_opset11_ForwardAlpha.uasset" 137
"../../../Engine/Plugins/NNE/NNEDenoiser/Content/NNE_oidn2-3-0_rt_hdr_alb_nrm__dyn__fp16_opset11_ForwardAlpha.uexp" 138
"../../../Engine/Plugins/NNE/NNEDenoiser/Content/NNE_oidn2-3-0_rt_hdr_alb_nrm__dyn__fp16_opset11_DenoiseAlpha.uasset" 139
"../../../Engine/Plugins/NNE/NNEDenoiser/Content/NNE_oidn2-3-0_rt_hdr_alb_nrm__dyn__fp16_opset11_DenoiseAlpha.uexp" 140
"../../../Engine/Plugins/NNE/NNEDenoiser/Content/NNE_oidn2-3-0_rt_hdr_alb_nrm_small__dyn__fp16_opset11_ForwardAlpha.uasset" 141
"../../../Engine/Plugins/NNE/NNEDenoiser/Content/NNE_oidn2-3-0_rt_hdr_alb_nrm_small__dyn__fp16_opset11_ForwardAlpha.uexp" 142
"../../../Engine/Plugins/NNE/NNEDenoiser/Content/NNE_oidn2-3-0_rt_hdr_alb_nrm_small__dyn__fp16_opset11_DenoiseAlpha.uasset" 143
"../../../Engine/Plugins/NNE/NNEDenoiser/Content/NNE_oidn2-3-0_rt_hdr_alb_nrm_small__dyn__fp16_opset11_DenoiseAlpha.uexp" 144
"../../../Engine/Plugins/NNE/NNEDenoiser/Content/NNEDTOM_Output_Default.uasset" 145
"../../../Engine/Plugins/NNE/NNEDenoiser/Content/NNEDTOM_Output_Default.uexp" 146
"../../../Engine/Plugins/NNE/NNEDenoiser/Content/NNEDTOM_Output_Alpha.uasset" 147
"../../../Engine/Plugins/NNE/NNEDenoiser/Content/NNEDTOM_Output_Alpha.uexp" 148
"../../../Engine/Plugins/NNE/NNEDenoiser/Content/NNEDTIM_ColorAlbedoNormal_Default.uasset" 149
"../../../Engine/Plugins/NNE/NNEDenoiser/Content/NNEDTIM_ColorAlbedoNormal_Default.uexp" 150
"../../../Engine/Plugins/NNE/NNEDenoiser/Content/NNEDTIM_ColorAlbedoNormal_Alpha.uasset" 151
"../../../Engine/Plugins/NNE/NNEDenoiser/Content/NNEDTIM_ColorAlbedoNormal_Alpha.uexp" 152
"../../../Engine/Plugins/NNE/NNEDenoiser/Content/NNEDOM_Output_Default.uasset" 153
"../../../Engine/Plugins/NNE/NNEDenoiser/Content/NNEDOM_Output_Default.uexp" 154
"../../../Engine/Plugins/NNE/NNEDenoiser/Content/NNEDOM_Output_Alpha.uasset" 155
"../../../Engine/Plugins/NNE/NNEDenoiser/Content/NNEDOM_Output_Alpha.uexp" 156
"../../../Engine/Plugins/NNE/NNEDenoiser/Content/NNEDIM_HighQuality_Default.uasset" 157
"../../../Engine/Plugins/NNE/NNEDenoiser/Content/NNEDIM_HighQuality_Default.uexp" 158
"../../../Engine/Plugins/NNE/NNEDenoiser/Content/NNEDIM_HighQuality_Alpha.uasset" 159
"../../../Engine/Plugins/NNE/NNEDenoiser/Content/NNEDIM_HighQuality_Alpha.uexp" 160
"../../../Engine/Plugins/NNE/NNEDenoiser/Content/NNEDIM_ColorAlbedoNormal_Default.uasset" 161
"../../../Engine/Plugins/NNE/NNEDenoiser/Content/NNEDIM_ColorAlbedoNormal_Default.uexp" 162
"../../../Engine/Plugins/NNE/NNEDenoiser/Content/NNEDIM_ColorAlbedoNormal_Alpha.uasset" 163
"../../../Engine/Plugins/NNE/NNEDenoiser/Content/NNEDIM_ColorAlbedoNormal_Alpha.uexp" 164
"../../../Engine/Content/EngineMaterials/T_Default_Material_Grid_M.ubulk" 165
"../../../Engine/Content/EngineMaterials/T_Default_Material_Grid_M.uasset" 166
"../../../Engine/Content/EngineMaterials/T_Default_Material_Grid_M.uexp" 167
"../../../Engine/Content/Functions/Engine_MaterialFunctions01/Opacity/CameraDepthFade.uasset" 168
"../../../Engine/Content/Functions/Engine_MaterialFunctions01/Opacity/CameraDepthFade.uexp" 169
"../../../Engine/Content/EngineMaterials/T_Default_Material_Grid_N.ubulk" 170
"../../../Engine/Content/EngineMaterials/T_Default_Material_Grid_N.uasset" 171
"../../../Engine/Content/EngineMaterials/T_Default_Material_Grid_N.uexp" 172
"../../../Engine/Content/EngineMaterials/WorldGridMaterial.uasset" 173
"../../../Engine/Content/EngineMaterials/WorldGridMaterial.uexp" 174
"../../../Engine/Plugins/Media/MediaPlate/Content/SM_MediaPlateScreen.ubulk" 175
"../../../Engine/Plugins/Media/MediaPlate/Content/SM_MediaPlateScreen.uasset" 176
"../../../Engine/Plugins/Media/MediaPlate/Content/SM_MediaPlateScreen.uexp" 177
"../../../Engine/Content/Functions/Engine_MaterialFunctions02/WorldPositionOffset/CameraOffset.uasset" 178
"../../../Engine/Content/Functions/Engine_MaterialFunctions02/WorldPositionOffset/CameraOffset.uexp" 179
"../../../Engine/Plugins/Animation/ControlRig/Content/M_Manip.uasset" 180
"../../../Engine/Plugins/Animation/ControlRig/Content/M_Manip.uexp" 181
"../../../Engine/Content/EditorMaterials/PreviewShadowIndicator.ubulk" 182
"../../../Engine/Content/EditorMaterials/PreviewShadowIndicator.uasset" 183
"../../../Engine/Content/EditorMaterials/PreviewShadowIndicator.uexp" 184
"../../../Engine/Content/EditorMaterials/PreviewShadowIndicatorMaterial.uasset" 185
"../../../Engine/Content/EditorMaterials/PreviewShadowIndicatorMaterial.uexp" 186
"../../../Engine/Content/EditorMaterials/PhAT_UnselectedMaterial.uasset" 187
"../../../Engine/Content/EditorMaterials/PhAT_UnselectedMaterial.uexp" 188
"../../../Engine/Content/EditorMaterials/PhAT_NoCollisionMaterial.uasset" 189
"../../../Engine/Content/EditorMaterials/PhAT_NoCollisionMaterial.uexp" 190
"../../../Engine/Content/EditorLandscapeResources/SplineEditorMeshMat.uasset" 191
"../../../Engine/Content/EditorLandscapeResources/SplineEditorMeshMat.uexp" 192
"../../../Engine/Content/EditorLandscapeResources/SplineEditorMesh.ubulk" 193
"../../../Engine/Content/EditorLandscapeResources/SplineEditorMesh.uasset" 194
"../../../Engine/Content/EditorLandscapeResources/SplineEditorMesh.uexp" 195
"../../../Engine/Content/EditorLandscapeResources/WhiteSquareTexture.uasset" 196
"../../../Engine/Content/EditorLandscapeResources/WhiteSquareTexture.uexp" 197
"../../../Engine/Content/EditorLandscapeResources/DefaultAlphaTexture.uasset" 198
"../../../Engine/Content/EditorLandscapeResources/DefaultAlphaTexture.uexp" 199
"../../../Engine/Content/Functions/Engine_MaterialFunctions03/Math/WithinRangeFloat2.uasset" 200
"../../../Engine/Content/Functions/Engine_MaterialFunctions03/Math/WithinRangeFloat2.uexp" 201
"../../../Engine/Content/EditorLandscapeResources/SelectBrushMaterial.uasset" 202
"../../../Engine/Content/EditorLandscapeResources/SelectBrushMaterial.uexp" 203
"../../../Engine/Content/EditorLandscapeResources/SelectBrushMaterial_SelectedRegion.uasset" 204
"../../../Engine/Content/EditorLandscapeResources/SelectBrushMaterial_SelectedRegion.uexp" 205
"../../../Engine/Content/EditorLandscapeResources/SelectBrushMaterial_Selected.uasset" 206
"../../../Engine/Content/EditorLandscapeResources/SelectBrushMaterial_Selected.uexp" 207
"../../../Engine/Content/Functions/Engine_MaterialFunctions02/Utility/MakeFloat3.uasset" 208
"../../../Engine/Content/Functions/Engine_MaterialFunctions02/Utility/MakeFloat3.uexp" 209
"../../../Engine/Content/EditorLandscapeResources/MaskBrushMaterial.uasset" 210
"../../../Engine/Content/EditorLandscapeResources/MaskBrushMaterial.uexp" 211
"../../../Engine/Content/EditorLandscapeResources/MaskBrushMaterial_MaskedRegion.uasset" 212
"../../../Engine/Content/EditorLandscapeResources/MaskBrushMaterial_MaskedRegion.uexp" 213
"../../../Engine/Content/EditorLandscapeResources/LayerVisMaterial.uasset" 214
"../../../Engine/Content/EditorLandscapeResources/LayerVisMaterial.uexp" 215
"../../../Engine/Content/Functions/Engine_MaterialFunctions02/WorldPositionOffset/LocalPosition.uasset" 216
"../../../Engine/Content/Functions/Engine_MaterialFunctions02/WorldPositionOffset/LocalPosition.uexp" 217
"../../../Engine/Content/Functions/Engine_MaterialFunctions02/Utility/BreakOutFloat2Components.uasset" 218
"../../../Engine/Content/Functions/Engine_MaterialFunctions02/Utility/BreakOutFloat2Components.uexp" 219
"../../../Engine/Content/Functions/Engine_MaterialFunctions01/Texturing/ScaleUVsByCenter.uasset" 220
"../../../Engine/Content/Functions/Engine_MaterialFunctions01/Texturing/ScaleUVsByCenter.uexp" 221
"../../../Engine/Content/EngineMaterials/DefaultDiffuse.ubulk" 222
"../../../Engine/Content/EngineMaterials/DefaultDiffuse.uasset" 223
"../../../Engine/Content/EngineMaterials/DefaultDiffuse.uexp" 224
"../../../Engine/Content/Functions/Engine_MaterialFunctions01/Texturing/TextureCropping.uasset" 225
"../../../Engine/Content/Functions/Engine_MaterialFunctions01/Texturing/TextureCropping.uexp" 226
"../../../Engine/Content/Functions/Engine_MaterialFunctions02/ExampleContent/DebugNumberStrip.uasset" 227
"../../../Engine/Content/Functions/Engine_MaterialFunctions02/ExampleContent/DebugNumberStrip.uexp" 228
"../../../Engine/Content/Functions/Engine_MaterialFunctions01/Debug/DebugIntValues.uasset" 229
"../../../Engine/Content/Functions/Engine_MaterialFunctions01/Debug/DebugIntValues.uexp" 230
"../../../Engine/Content/EditorLandscapeResources/LandscapeLayerUsageMaterial.uasset" 231
"../../../Engine/Content/EditorLandscapeResources/LandscapeLayerUsageMaterial.uexp" 232
"../../../Engine/Content/EditorLandscapeResources/LandscapeDirtyMaterial.uasset" 233
"../../../Engine/Content/EditorLandscapeResources/LandscapeDirtyMaterial.uexp" 234
"../../../Engine/Content/EditorLandscapeResources/ColorMaskBrushMaterial.uasset" 235
"../../../Engine/Content/EditorLandscapeResources/ColorMaskBrushMaterial.uexp" 236
"../../../Engine/Content/EditorLandscapeResources/ColorMaskBrushMaterial_MaskedRegion.uasset" 237
"../../../Engine/Content/EditorLandscapeResources/ColorMaskBrushMaterial_MaskedRegion.uexp" 238
"../../../Engine/Content/Functions/Engine_MaterialFunctions02/Utility/VectorLength.uasset" 239
"../../../Engine/Content/Functions/Engine_MaterialFunctions02/Utility/VectorLength.uexp" 240
"../../../Engine/Content/Functions/Engine_MaterialFunctions02/Utility/BreakOutFloat3Components.uasset" 241
"../../../Engine/Content/Functions/Engine_MaterialFunctions02/Utility/BreakOutFloat3Components.uexp" 242
"../../../Engine/Content/Functions/Engine_MaterialFunctions02/WorldPositionOffset/ObjectScale.uasset" 243
"../../../Engine/Content/Functions/Engine_MaterialFunctions02/WorldPositionOffset/ObjectScale.uexp" 244
"../../../Engine/Content/Functions/Engine_MaterialFunctions02/SafeNormalize.uasset" 245
"../../../Engine/Content/Functions/Engine_MaterialFunctions02/SafeNormalize.uexp" 246
"../../../Engine/Plugins/Editor/SpeedTreeImporter/Content/SpeedTree9/UnpackInteger3.uasset" 247
"../../../Engine/Plugins/Editor/SpeedTreeImporter/Content/SpeedTree9/UnpackInteger3.uexp" 248
"../../../Engine/Plugins/Editor/SpeedTreeImporter/Content/SpeedTree9/UnpackDirection.uasset" 249
"../../../Engine/Plugins/Editor/SpeedTreeImporter/Content/SpeedTree9/UnpackDirection.uexp" 250
"../../../Engine/Plugins/Editor/SpeedTreeImporter/Content/SpeedTree9/game_wind_noise.ubulk" 251
"../../../Engine/Plugins/Editor/SpeedTreeImporter/Content/SpeedTree9/game_wind_noise.uasset" 252
"../../../Engine/Plugins/Editor/SpeedTreeImporter/Content/SpeedTree9/game_wind_noise.uexp" 253
"../../../Engine/Plugins/Editor/SpeedTreeImporter/Content/SpeedTree9/SpeedTreeWindMotion.uasset" 254
"../../../Engine/Plugins/Editor/SpeedTreeImporter/Content/SpeedTree9/SpeedTreeWindMotion.uexp" 255
"../../../Engine/Plugins/Editor/SpeedTreeImporter/Content/SpeedTree9/SpeedTreeBranchMotion.uasset" 256
"../../../Engine/Plugins/Editor/SpeedTreeImporter/Content/SpeedTree9/SpeedTreeBranchMotion.uexp" 257
"../../../Engine/Content/Functions/Engine_MaterialFunctions02/ObjectLocalBounds.uasset" 258
"../../../Engine/Content/Functions/Engine_MaterialFunctions02/ObjectLocalBounds.uexp" 259
"../../../Engine/Content/Functions/Engine_MaterialFunctions02/UVs/BoundingBoxBased_0-1_UVW.uasset" 260
"../../../Engine/Content/Functions/Engine_MaterialFunctions02/UVs/BoundingBoxBased_0-1_UVW.uexp" 261
"../../../Engine/Plugins/Editor/SpeedTreeImporter/Content/SpeedTree9/SpeedTreeWind.uasset" 262
"../../../Engine/Plugins/Editor/SpeedTreeImporter/Content/SpeedTree9/SpeedTreeWind.uexp" 263
"../../../Engine/Plugins/Editor/SpeedTreeImporter/Content/SpeedTree9/SpeedTreeCameraFacing.uasset" 264
"../../../Engine/Plugins/Editor/SpeedTreeImporter/Content/SpeedTree9/SpeedTreeCameraFacing.uexp" 265
"../../../Engine/Plugins/Editor/SpeedTreeImporter/Content/SpeedTree9/EmptyNormal.uasset" 266
"../../../Engine/Plugins/Editor/SpeedTreeImporter/Content/SpeedTree9/EmptyNormal.uexp" 267
"../../../Engine/Plugins/Editor/SpeedTreeImporter/Content/SpeedTree9/Empty.uasset" 268
"../../../Engine/Plugins/Editor/SpeedTreeImporter/Content/SpeedTree9/Empty.uexp" 269
"../../../Engine/Plugins/Editor/SpeedTreeImporter/Content/SpeedTree9/SpeedTreeMaster.uasset" 270
"../../../Engine/Plugins/Editor/SpeedTreeImporter/Content/SpeedTree9/SpeedTreeMaster.uexp" 271
"../../../Engine/Plugins/Editor/SpeedTreeImporter/Content/SpeedTree9/SpeedTreeBillboard.uasset" 272
"../../../Engine/Plugins/Editor/SpeedTreeImporter/Content/SpeedTree9/SpeedTreeBillboard.uexp" 273
"../../../Engine/Plugins/Editor/SpeedTreeImporter/Content/SpeedTree9/SpeedTreeBillboardMaster.uasset" 274
"../../../Engine/Plugins/Editor/SpeedTreeImporter/Content/SpeedTree9/SpeedTreeBillboardMaster.uexp" 275
"../../../Engine/Plugins/Animation/ControlRig/Content/Controls/ControlRig_Wedge_solid.ubulk" 276
"../../../Engine/Plugins/Animation/ControlRig/Content/Controls/ControlRig_Wedge_solid.uasset" 277
"../../../Engine/Plugins/Animation/ControlRig/Content/Controls/ControlRig_Wedge_solid.uexp" 278
"../../../Engine/Plugins/Animation/ControlRig/Content/Controls/ControlRig_Wedge_3mm.ubulk" 279
"../../../Engine/Plugins/Animation/ControlRig/Content/Controls/ControlRig_Wedge_3mm.uasset" 280
"../../../Engine/Plugins/Animation/ControlRig/Content/Controls/ControlRig_Wedge_3mm.uexp" 281
"../../../Engine/Plugins/Animation/ControlRig/Content/Controls/ControlRig_Wedge_1mm.ubulk" 282
"../../../Engine/Plugins/Animation/ControlRig/Content/Controls/ControlRig_Wedge_1mm.uasset" 283
"../../../Engine/Plugins/Animation/ControlRig/Content/Controls/ControlRig_Wedge_1mm.uexp" 284
"../../../Engine/Plugins/Animation/ControlRig/Content/Controls/ControlRig_Triangle_solid.ubulk" 285
"../../../Engine/Plugins/Animation/ControlRig/Content/Controls/ControlRig_Triangle_solid.uasset" 286
"../../../Engine/Plugins/Animation/ControlRig/Content/Controls/ControlRig_Triangle_solid.uexp" 287
"../../../Engine/Plugins/Animation/ControlRig/Content/Controls/ControlRig_Triangle_3mm.ubulk" 288
"../../../Engine/Plugins/Animation/ControlRig/Content/Controls/ControlRig_Triangle_3mm.uasset" 289
"../../../Engine/Plugins/Animation/ControlRig/Content/Controls/ControlRig_Triangle_3mm.uexp" 290
"../../../Engine/Plugins/Animation/ControlRig/Content/Controls/ControlRig_Triangle_1mm.ubulk" 291
"../../../Engine/Plugins/Animation/ControlRig/Content/Controls/ControlRig_Triangle_1mm.uasset" 292
"../../../Engine/Plugins/Animation/ControlRig/Content/Controls/ControlRig_Triangle_1mm.uexp" 293
"../../../Engine/Plugins/Animation/ControlRig/Content/Controls/ControlRig_Star4_solid.ubulk" 294
"../../../Engine/Plugins/Animation/ControlRig/Content/Controls/ControlRig_Star4_solid.uasset" 295
"../../../Engine/Plugins/Animation/ControlRig/Content/Controls/ControlRig_Star4_solid.uexp" 296
"../../../Engine/Plugins/Animation/ControlRig/Content/Controls/ControlRig_Star4_3mm.ubulk" 297
"../../../Engine/Plugins/Animation/ControlRig/Content/Controls/ControlRig_Star4_3mm.uasset" 298
"../../../Engine/Plugins/Animation/ControlRig/Content/Controls/ControlRig_Star4_3mm.uexp" 299
"../../../Engine/Plugins/Animation/ControlRig/Content/Controls/ControlRig_Star4_1mm.ubulk" 300
"../../../Engine/Plugins/Animation/ControlRig/Content/Controls/ControlRig_Star4_1mm.uasset" 301
"../../../Engine/Plugins/Animation/ControlRig/Content/Controls/ControlRig_Star4_1mm.uexp" 302
"../../../Engine/Plugins/Animation/ControlRig/Content/Controls/ControlRig_Square_solid.ubulk" 303
"../../../Engine/Plugins/Animation/ControlRig/Content/Controls/ControlRig_Square_solid.uasset" 304
"../../../Engine/Plugins/Animation/ControlRig/Content/Controls/ControlRig_Square_solid.uexp" 305
"../../../Engine/Plugins/Animation/ControlRig/Content/Controls/ControlRig_Square_3mm.ubulk" 306
"../../../Engine/Plugins/Animation/ControlRig/Content/Controls/ControlRig_Square_3mm.uasset" 307
"../../../Engine/Plugins/Animation/ControlRig/Content/Controls/ControlRig_Square_3mm.uexp" 308
"../../../Engine/Plugins/Animation/ControlRig/Content/Controls/ControlRig_Square_1mm.ubulk" 309
"../../../Engine/Plugins/Animation/ControlRig/Content/Controls/ControlRig_Square_1mm.uasset" 310
"../../../Engine/Plugins/Animation/ControlRig/Content/Controls/ControlRig_Square_1mm.uexp" 311
"../../../Engine/Plugins/Animation/ControlRig/Content/Controls/ControlRig_Sphere_solid.ubulk" 312
"../../../Engine/Plugins/Animation/ControlRig/Content/Controls/ControlRig_Sphere_solid.uasset" 313
"../../../Engine/Plugins/Animation/ControlRig/Content/Controls/ControlRig_Sphere_solid.uexp" 314
"../../../Engine/Plugins/Animation/ControlRig/Content/Controls/ControlRig_Sphere_3mm.ubulk" 315
"../../../Engine/Plugins/Animation/ControlRig/Content/Controls/ControlRig_Sphere_3mm.uasset" 316
"../../../Engine/Plugins/Animation/ControlRig/Content/Controls/ControlRig_Sphere_3mm.uexp" 317
"../../../Engine/Plugins/Animation/ControlRig/Content/Controls/ControlRig_Sphere_1mm.ubulk" 318
"../../../Engine/Plugins/Animation/ControlRig/Content/Controls/ControlRig_Sphere_1mm.uasset" 319
"../../../Engine/Plugins/Animation/ControlRig/Content/Controls/ControlRig_Sphere_1mm.uexp" 320
"../../../Engine/Plugins/Animation/ControlRig/Content/Controls/ControlRig_RoundedTriangle_solid.ubulk" 321
"../../../Engine/Plugins/Animation/ControlRig/Content/Controls/ControlRig_RoundedTriangle_solid.uasset" 322
"../../../Engine/Plugins/Animation/ControlRig/Content/Controls/ControlRig_RoundedTriangle_solid.uexp" 323
"../../../Engine/Plugins/Animation/ControlRig/Content/Controls/ControlRig_RoundedTriangle_3mm.ubulk" 324
"../../../Engine/Plugins/Animation/ControlRig/Content/Controls/ControlRig_RoundedTriangle_3mm.uasset" 325
"../../../Engine/Plugins/Animation/ControlRig/Content/Controls/ControlRig_RoundedTriangle_3mm.uexp" 326
"../../../Engine/Plugins/Animation/ControlRig/Content/Controls/ControlRig_RoundedTriangle_1mm.ubulk" 327
"../../../Engine/Plugins/Animation/ControlRig/Content/Controls/ControlRig_RoundedTriangle_1mm.uasset" 328
"../../../Engine/Plugins/Animation/ControlRig/Content/Controls/ControlRig_RoundedTriangle_1mm.uexp" 329
"../../../Engine/Plugins/Animation/ControlRig/Content/Controls/ControlRig_RoundedSquare_solid.ubulk" 330
"../../../Engine/Plugins/Animation/ControlRig/Content/Controls/ControlRig_RoundedSquare_solid.uasset" 331
"../../../Engine/Plugins/Animation/ControlRig/Content/Controls/ControlRig_RoundedSquare_solid.uexp" 332
"../../../Engine/Plugins/Animation/ControlRig/Content/Controls/ControlRig_RoundedSquare_3mm.ubulk" 333
"../../../Engine/Plugins/Animation/ControlRig/Content/Controls/ControlRig_RoundedSquare_3mm.uasset" 334
"../../../Engine/Plugins/Animation/ControlRig/Content/Controls/ControlRig_RoundedSquare_3mm.uexp" 335
"../../../Engine/Plugins/Animation/ControlRig/Content/Controls/ControlRig_RoundedSquare_1mm.ubulk" 336
"../../../Engine/Plugins/Animation/ControlRig/Content/Controls/ControlRig_RoundedSquare_1mm.uasset" 337
"../../../Engine/Plugins/Animation/ControlRig/Content/Controls/ControlRig_RoundedSquare_1mm.uexp" 338
"../../../Engine/Plugins/Animation/ControlRig/Content/Controls/ControlRig_QuarterCircle_solid.ubulk" 339
"../../../Engine/Plugins/Animation/ControlRig/Content/Controls/ControlRig_QuarterCircle_solid.uasset" 340
"../../../Engine/Plugins/Animation/ControlRig/Content/Controls/ControlRig_QuarterCircle_solid.uexp" 341
"../../../Engine/Plugins/Animation/ControlRig/Content/Controls/ControlRig_QuarterCircle_3mm.ubulk" 342
"../../../Engine/Plugins/Animation/ControlRig/Content/Controls/ControlRig_QuarterCircle_3mm.uasset" 343
"../../../Engine/Plugins/Animation/ControlRig/Content/Controls/ControlRig_QuarterCircle_3mm.uexp" 344
"../../../Engine/Plugins/Animation/ControlRig/Content/Controls/ControlRig_QuarterCircle_1mm.ubulk" 345
"../../../Engine/Plugins/Animation/ControlRig/Content/Controls/ControlRig_QuarterCircle_1mm.uasset" 346
"../../../Engine/Plugins/Animation/ControlRig/Content/Controls/ControlRig_QuarterCircle_1mm.uexp" 347
"../../../Engine/Plugins/Animation/ControlRig/Content/Controls/ControlRig_Pyramid_solid.ubulk" 348
"../../../Engine/Plugins/Animation/ControlRig/Content/Controls/ControlRig_Pyramid_solid.uasset" 349
"../../../Engine/Plugins/Animation/ControlRig/Content/Controls/ControlRig_Pyramid_solid.uexp" 350
"../../../Engine/Plugins/Animation/ControlRig/Content/Controls/ControlRig_Pyramid_3mm.ubulk" 351
"../../../Engine/Plugins/Animation/ControlRig/Content/Controls/ControlRig_Pyramid_3mm.uasset" 352
"../../../Engine/Plugins/Animation/ControlRig/Content/Controls/ControlRig_Pyramid_3mm.uexp" 353
"../../../Engine/Plugins/Animation/ControlRig/Content/Controls/ControlRig_Pyramid_1mm.ubulk" 354
"../../../Engine/Plugins/Animation/ControlRig/Content/Controls/ControlRig_Pyramid_1mm.uasset" 355
"../../../Engine/Plugins/Animation/ControlRig/Content/Controls/ControlRig_Pyramid_1mm.uexp" 356
"../../../Engine/Plugins/Animation/ControlRig/Content/Controls/ControlRig_Octagon_solid.ubulk" 357
"../../../Engine/Plugins/Animation/ControlRig/Content/Controls/ControlRig_Octagon_solid.uasset" 358
"../../../Engine/Plugins/Animation/ControlRig/Content/Controls/ControlRig_Octagon_solid.uexp" 359
"../../../Engine/Plugins/Animation/ControlRig/Content/Controls/ControlRig_Octagon_3mm.ubulk" 360
"../../../Engine/Plugins/Animation/ControlRig/Content/Controls/ControlRig_Octagon_3mm.uasset" 361
"../../../Engine/Plugins/Animation/ControlRig/Content/Controls/ControlRig_Octagon_3mm.uexp" 362
"../../../Engine/Plugins/Animation/ControlRig/Content/Controls/ControlRig_Octagon_1mm.ubulk" 363
"../../../Engine/Plugins/Animation/ControlRig/Content/Controls/ControlRig_Octagon_1mm.uasset" 364
"../../../Engine/Plugins/Animation/ControlRig/Content/Controls/ControlRig_Octagon_1mm.uexp" 365
"../../../Engine/Plugins/Animation/ControlRig/Content/Controls/ControlRig_Hexagon_solid.ubulk" 366
"../../../Engine/Plugins/Animation/ControlRig/Content/Controls/ControlRig_Hexagon_solid.uasset" 367
"../../../Engine/Plugins/Animation/ControlRig/Content/Controls/ControlRig_Hexagon_solid.uexp" 368
"../../../Engine/Plugins/Animation/ControlRig/Content/Controls/ControlRig_Hexagon_3mm.ubulk" 369
"../../../Engine/Plugins/Animation/ControlRig/Content/Controls/ControlRig_Hexagon_3mm.uasset" 370
"../../../Engine/Plugins/Animation/ControlRig/Content/Controls/ControlRig_Hexagon_3mm.uexp" 371
"../../../Engine/Plugins/Animation/ControlRig/Content/Controls/ControlRig_Hexagon_1mm.ubulk" 372
"../../../Engine/Plugins/Animation/ControlRig/Content/Controls/ControlRig_Hexagon_1mm.uasset" 373
"../../../Engine/Plugins/Animation/ControlRig/Content/Controls/ControlRig_Hexagon_1mm.uexp" 374
"../../../Engine/Plugins/Animation/ControlRig/Content/Controls/ControlRig_HalfCircle_solid.ubulk" 375
"../../../Engine/Plugins/Animation/ControlRig/Content/Controls/ControlRig_HalfCircle_solid.uasset" 376
"../../../Engine/Plugins/Animation/ControlRig/Content/Controls/ControlRig_HalfCircle_solid.uexp" 377
"../../../Engine/Plugins/Animation/ControlRig/Content/Controls/ControlRig_HalfCircle_3mm.ubulk" 378
"../../../Engine/Plugins/Animation/ControlRig/Content/Controls/ControlRig_HalfCircle_3mm.uasset" 379
"../../../Engine/Plugins/Animation/ControlRig/Content/Controls/ControlRig_HalfCircle_3mm.uexp" 380
"../../../Engine/Plugins/Animation/ControlRig/Content/Controls/ControlRig_HalfCircle_1mm.ubulk" 381
"../../../Engine/Plugins/Animation/ControlRig/Content/Controls/ControlRig_HalfCircle_1mm.uasset" 382
"../../../Engine/Plugins/Animation/ControlRig/Content/Controls/ControlRig_HalfCircle_1mm.uexp" 383
"../../../Engine/Plugins/Animation/ControlRig/Content/Controls/ControlRig_Diamond_solid.ubulk" 384
"../../../Engine/Plugins/Animation/ControlRig/Content/Controls/ControlRig_Diamond_solid.uasset" 385
"../../../Engine/Plugins/Animation/ControlRig/Content/Controls/ControlRig_Diamond_solid.uexp" 386
"../../../Engine/Plugins/Animation/ControlRig/Content/Controls/ControlRig_Diamond_3mm.ubulk" 387
"../../../Engine/Plugins/Animation/ControlRig/Content/Controls/ControlRig_Diamond_3mm.uasset" 388
"../../../Engine/Plugins/Animation/ControlRig/Content/Controls/ControlRig_Diamond_3mm.uexp" 389
"../../../Engine/Plugins/Animation/ControlRig/Content/Controls/ControlRig_Diamond_1mm.ubulk" 390
"../../../Engine/Plugins/Animation/ControlRig/Content/Controls/ControlRig_Diamond_1mm.uasset" 391
"../../../Engine/Plugins/Animation/ControlRig/Content/Controls/ControlRig_Diamond_1mm.uexp" 392
"../../../Engine/Plugins/Animation/ControlRig/Content/Controls/ControlRig_Circle_solid.ubulk" 393
"../../../Engine/Plugins/Animation/ControlRig/Content/Controls/ControlRig_Circle_solid.uasset" 394
"../../../Engine/Plugins/Animation/ControlRig/Content/Controls/ControlRig_Circle_solid.uexp" 395
"../../../Engine/Plugins/Animation/ControlRig/Content/Controls/ControlRig_Circle_3mm.ubulk" 396
"../../../Engine/Plugins/Animation/ControlRig/Content/Controls/ControlRig_Circle_3mm.uasset" 397
"../../../Engine/Plugins/Animation/ControlRig/Content/Controls/ControlRig_Circle_3mm.uexp" 398
"../../../Engine/Plugins/Animation/ControlRig/Content/Controls/ControlRig_Circle_1mm.ubulk" 399
"../../../Engine/Plugins/Animation/ControlRig/Content/Controls/ControlRig_Circle_1mm.uasset" 400
"../../../Engine/Plugins/Animation/ControlRig/Content/Controls/ControlRig_Circle_1mm.uexp" 401
"../../../Engine/Plugins/Animation/ControlRig/Content/Controls/ControlRig_Box_solid.ubulk" 402
"../../../Engine/Plugins/Animation/ControlRig/Content/Controls/ControlRig_Box_solid.uasset" 403
"../../../Engine/Plugins/Animation/ControlRig/Content/Controls/ControlRig_Box_solid.uexp" 404
"../../../Engine/Plugins/Animation/ControlRig/Content/Controls/ControlRig_Box_3mm.ubulk" 405
"../../../Engine/Plugins/Animation/ControlRig/Content/Controls/ControlRig_Box_3mm.uasset" 406
"../../../Engine/Plugins/Animation/ControlRig/Content/Controls/ControlRig_Box_3mm.uexp" 407
"../../../Engine/Plugins/Animation/ControlRig/Content/Controls/ControlRig_Box_1mm.ubulk" 408
"../../../Engine/Plugins/Animation/ControlRig/Content/Controls/ControlRig_Box_1mm.uasset" 409
"../../../Engine/Plugins/Animation/ControlRig/Content/Controls/ControlRig_Box_1mm.uexp" 410
"../../../Engine/Plugins/Animation/ControlRig/Content/Controls/ControlRig_Arrow_solid.ubulk" 411
"../../../Engine/Plugins/Animation/ControlRig/Content/Controls/ControlRig_Arrow_solid.uasset" 412
"../../../Engine/Plugins/Animation/ControlRig/Content/Controls/ControlRig_Arrow_solid.uexp" 413
"../../../Engine/Plugins/Animation/ControlRig/Content/Controls/ControlRig_Arrow_3mm.ubulk" 414
"../../../Engine/Plugins/Animation/ControlRig/Content/Controls/ControlRig_Arrow_3mm.uasset" 415
"../../../Engine/Plugins/Animation/ControlRig/Content/Controls/ControlRig_Arrow_3mm.uexp" 416
"../../../Engine/Plugins/Animation/ControlRig/Content/Controls/ControlRig_Arrow_1mm.ubulk" 417
"../../../Engine/Plugins/Animation/ControlRig/Content/Controls/ControlRig_Arrow_1mm.uasset" 418
"../../../Engine/Plugins/Animation/ControlRig/Content/Controls/ControlRig_Arrow_1mm.uexp" 419
"../../../Engine/Plugins/Animation/ControlRig/Content/Controls/ControlRig_Arrow4_solid.ubulk" 420
"../../../Engine/Plugins/Animation/ControlRig/Content/Controls/ControlRig_Arrow4_solid.uasset" 421
"../../../Engine/Plugins/Animation/ControlRig/Content/Controls/ControlRig_Arrow4_solid.uexp" 422
"../../../Engine/Plugins/Animation/ControlRig/Content/Controls/ControlRig_Arrow4_3mm.ubulk" 423
"../../../Engine/Plugins/Animation/ControlRig/Content/Controls/ControlRig_Arrow4_3mm.uasset" 424
"../../../Engine/Plugins/Animation/ControlRig/Content/Controls/ControlRig_Arrow4_3mm.uexp" 425
"../../../Engine/Plugins/Animation/ControlRig/Content/Controls/ControlRig_Arrow4_1mm.ubulk" 426
"../../../Engine/Plugins/Animation/ControlRig/Content/Controls/ControlRig_Arrow4_1mm.uasset" 427
"../../../Engine/Plugins/Animation/ControlRig/Content/Controls/ControlRig_Arrow4_1mm.uexp" 428
"../../../Engine/Plugins/Animation/ControlRig/Content/Controls/ControlRig_Arrow2_solid.ubulk" 429
"../../../Engine/Plugins/Animation/ControlRig/Content/Controls/ControlRig_Arrow2_solid.uasset" 430
"../../../Engine/Plugins/Animation/ControlRig/Content/Controls/ControlRig_Arrow2_solid.uexp" 431
"../../../Engine/Plugins/Animation/ControlRig/Content/Controls/ControlRig_Arrow2_3mm.ubulk" 432
"../../../Engine/Plugins/Animation/ControlRig/Content/Controls/ControlRig_Arrow2_3mm.uasset" 433
"../../../Engine/Plugins/Animation/ControlRig/Content/Controls/ControlRig_Arrow2_3mm.uexp" 434
"../../../Engine/Plugins/Animation/ControlRig/Content/Controls/ControlRig_Arrow2_1mm.ubulk" 435
"../../../Engine/Plugins/Animation/ControlRig/Content/Controls/ControlRig_Arrow2_1mm.uasset" 436
"../../../Engine/Plugins/Animation/ControlRig/Content/Controls/ControlRig_Arrow2_1mm.uexp" 437
"../../../Engine/Plugins/Animation/ControlRig/Content/Controls/ControlRigXRayMaterial.uasset" 438
"../../../Engine/Plugins/Animation/ControlRig/Content/Controls/ControlRigXRayMaterial.uexp" 439
"../../../Engine/Plugins/Animation/ControlRig/Content/Controls/ControlRigGizmoMaterial.uasset" 440
"../../../Engine/Plugins/Animation/ControlRig/Content/Controls/ControlRigGizmoMaterial.uexp" 441
"../../../Engine/Content/VREditor/Sounds/UI/Drop_Item_From_ContentBrowser.ubulk" 442
"../../../Engine/Content/VREditor/Sounds/UI/Drop_Item_From_ContentBrowser.uasset" 443
"../../../Engine/Content/VREditor/Sounds/UI/Drop_Item_From_ContentBrowser.uexp" 444
"../../../Engine/Content/VREditor/LaserPointer/VR_LaserPower_01.ubulk" 445
"../../../Engine/Content/VREditor/LaserPointer/VR_LaserPower_01.uasset" 446
"../../../Engine/Content/VREditor/LaserPointer/VR_LaserPower_01.uexp" 447
"../../../Engine/Content/VREditor/TransformGizmo/TransformGizmoMaterial.uasset" 448
"../../../Engine/Content/VREditor/TransformGizmo/TransformGizmoMaterial.uexp" 449
"../../../Engine/Content/VREditor/TransformGizmo/TransformGizmoMaterial_Inst.uasset" 450
"../../../Engine/Content/VREditor/TransformGizmo/TransformGizmoMaterial_Inst.uexp" 451
"../../../Engine/Content/VREditor/TransformGizmo/TranslucentTransformGizmoMaterial.uasset" 452
"../../../Engine/Content/VREditor/TransformGizmo/TranslucentTransformGizmoMaterial.uexp" 453
"../../../Engine/Content/VREditor/TransformGizmo/TranslucentTransformGizmoMaterial_Inst.uasset" 454
"../../../Engine/Content/VREditor/TransformGizmo/TranslucentTransformGizmoMaterial_Inst.uexp" 455
"../../../Engine/Content/Functions/Engine_MaterialFunctions02/SplitComponents.uasset" 456
"../../../Engine/Content/Functions/Engine_MaterialFunctions02/SplitComponents.uexp" 457
"../../../Engine/Content/Functions/Engine_MaterialFunctions02/Math/Transform3x3Matrix.uasset" 458
"../../../Engine/Content/Functions/Engine_MaterialFunctions02/Math/Transform3x3Matrix.uexp" 459
"../../../Engine/Content/VREditor/SnapGrid/SnapGridMaterial.uasset" 460
"../../../Engine/Content/VREditor/SnapGrid/SnapGridMaterial.uexp" 461
"../../../Engine/Content/VREditor/SnapGrid/SnapGridPlaneMesh.ubulk" 462
"../../../Engine/Content/VREditor/SnapGrid/SnapGridPlaneMesh.uasset" 463
"../../../Engine/Content/VREditor/SnapGrid/SnapGridPlaneMesh.uexp" 464
"../../../Engine/Content/VREditor/Sounds/UI/Gizmo_Handle_Clicked.ubulk" 465
"../../../Engine/Content/VREditor/Sounds/UI/Gizmo_Handle_Clicked.uasset" 466
"../../../Engine/Content/VREditor/Sounds/UI/Gizmo_Handle_Clicked.uexp" 467
"../../../Engine/Content/VREditor/Sounds/UI/Object_PickUp.ubulk" 468
"../../../Engine/Content/VREditor/Sounds/UI/Object_PickUp.uasset" 469
"../../../Engine/Content/VREditor/Sounds/UI/Object_PickUp.uexp" 470
"../../../Engine/Content/VREditor/Sounds/UI/Object_Snaps_To_Another_Actor.ubulk" 471
"../../../Engine/Content/VREditor/Sounds/UI/Object_Snaps_To_Another_Actor.uasset" 472
"../../../Engine/Content/VREditor/Sounds/UI/Object_Snaps_To_Another_Actor.uexp" 473
"../../../Engine/Content/VREditor/Sounds/UI/Object_Snaps_To_Grid.ubulk" 474
"../../../Engine/Content/VREditor/Sounds/UI/Object_Snaps_To_Grid.uasset" 475
"../../../Engine/Content/VREditor/Sounds/UI/Object_Snaps_To_Grid.uexp" 476
"../../../Engine/Content/VREditor/Sounds/UI/Scaling_Down.ubulk" 477
"../../../Engine/Content/VREditor/Sounds/UI/Scaling_Down.uasset" 478
"../../../Engine/Content/VREditor/Sounds/UI/Scaling_Down.uexp" 479
"../../../Engine/Content/VREditor/Sounds/UI/Scaling_Up.ubulk" 480
"../../../Engine/Content/VREditor/Sounds/UI/Scaling_Up.uasset" 481
"../../../Engine/Content/VREditor/Sounds/UI/Scaling_Up.uexp" 482
"../../../Engine/Content/VREditor/Sounds/UI/Selection_Changes.ubulk" 483
"../../../Engine/Content/VREditor/Sounds/UI/Selection_Changes.uasset" 484
"../../../Engine/Content/VREditor/Sounds/UI/Selection_Changes.uexp" 485
"../../../Engine/Content/VREditor/TransformGizmo/PlaneTranslationHandle.ubulk" 486
"../../../Engine/Content/VREditor/TransformGizmo/PlaneTranslationHandle.uasset" 487
"../../../Engine/Content/VREditor/TransformGizmo/PlaneTranslationHandle.uexp" 488
"../../../Engine/Content/VREditor/TransformGizmo/RotationHandleFull.ubulk" 489
"../../../Engine/Content/VREditor/TransformGizmo/RotationHandleFull.uasset" 490
"../../../Engine/Content/VREditor/TransformGizmo/RotationHandleFull.uexp" 491
"../../../Engine/Content/VREditor/TransformGizmo/RotationHandleIndicator.ubulk" 492
"../../../Engine/Content/VREditor/TransformGizmo/RotationHandleIndicator.uasset" 493
"../../../Engine/Content/VREditor/TransformGizmo/RotationHandleIndicator.uexp" 494
"../../../Engine/Content/VREditor/TransformGizmo/RotationHandleQuarter.ubulk" 495
"../../../Engine/Content/VREditor/TransformGizmo/RotationHandleQuarter.uasset" 496
"../../../Engine/Content/VREditor/TransformGizmo/RotationHandleQuarter.uexp" 497
"../../../Engine/Content/VREditor/TransformGizmo/StartRotationHandleIndicator.ubulk" 498
"../../../Engine/Content/VREditor/TransformGizmo/StartRotationHandleIndicator.uasset" 499
"../../../Engine/Content/VREditor/TransformGizmo/StartRotationHandleIndicator.uexp" 500
"../../../Engine/Content/VREditor/TransformGizmo/TransformGizmoFreeRotation.ubulk" 501
"../../../Engine/Content/VREditor/TransformGizmo/TransformGizmoFreeRotation.uasset" 502
"../../../Engine/Content/VREditor/TransformGizmo/TransformGizmoFreeRotation.uexp" 503
"../../../Engine/Content/VREditor/TransformGizmo/TranslateArrowHandle.ubulk" 504
"../../../Engine/Content/VREditor/TransformGizmo/TranslateArrowHandle.uasset" 505
"../../../Engine/Content/VREditor/TransformGizmo/TranslateArrowHandle.uexp" 506
"../../../Engine/Content/VREditor/TransformGizmo/UniformScaleHandle.ubulk" 507
"../../../Engine/Content/VREditor/TransformGizmo/UniformScaleHandle.uasset" 508
"../../../Engine/Content/VREditor/TransformGizmo/UniformScaleHandle.uexp" 509
"../../../Engine/Content/EngineResources/LandscapeVisibilityLayerInfo.uasset" 510
"../../../Engine/Content/EngineResources/LandscapeVisibilityLayerInfo.uexp" 511
"../../../Engine/Content/EditorMeshes/Camera/SM_RailRig_Mount.ubulk" 512
"../../../Engine/Content/EditorMeshes/Camera/SM_RailRig_Mount.uasset" 513
"../../../Engine/Content/EditorMeshes/Camera/SM_RailRig_Mount.uexp" 514
"../../../Engine/Content/EngineResources/WhiteSquareTexture.uasset" 515
"../../../Engine/Content/EngineResources/WhiteSquareTexture.uexp" 516
"../../../Engine/Content/EngineMaterials/Widget3DPassThrough.uasset" 517
"../../../Engine/Content/EngineMaterials/Widget3DPassThrough.uexp" 518
"../../../Engine/Content/EngineMaterials/Widget3DPassThrough_Translucent.uasset" 519
"../../../Engine/Content/EngineMaterials/Widget3DPassThrough_Translucent.uexp" 520
"../../../Engine/Content/EngineMaterials/Widget3DPassThrough_Translucent_OneSided.uasset" 521
"../../../Engine/Content/EngineMaterials/Widget3DPassThrough_Translucent_OneSided.uexp" 522
"../../../Engine/Content/EngineMaterials/Widget3DPassThrough_Opaque.uasset" 523
"../../../Engine/Content/EngineMaterials/Widget3DPassThrough_Opaque.uexp" 524
"../../../Engine/Content/EngineMaterials/Widget3DPassThrough_Opaque_OneSided.uasset" 525
"../../../Engine/Content/EngineMaterials/Widget3DPassThrough_Opaque_OneSided.uexp" 526
"../../../Engine/Content/EngineMaterials/Widget3DPassThrough_Masked_OneSided.uasset" 527
"../../../Engine/Content/EngineMaterials/Widget3DPassThrough_Masked_OneSided.uexp" 528
"../../../Engine/Content/EngineMaterials/Widget3DPassThrough_Masked.uasset" 529
"../../../Engine/Content/EngineMaterials/Widget3DPassThrough_Masked.uexp" 530
"../../../Engine/Content/EngineMaterials/WeightMapPlaceholderTexture.uasset" 531
"../../../Engine/Content/EngineMaterials/WeightMapPlaceholderTexture.uexp" 532
"../../../Engine/Content/EngineMaterials/WeightMapArrayPlaceholderTexture.uasset" 533
"../../../Engine/Content/EngineMaterials/WeightMapArrayPlaceholderTexture.uexp" 534
"../../../Engine/Content/EngineMaterials/RemoveSurfaceMaterial.uasset" 535
"../../../Engine/Content/EngineMaterials/RemoveSurfaceMaterial.uexp" 536
"../../../Engine/Content/EngineMaterials/PreintegratedSkinBRDF.uasset" 537
"../../../Engine/Content/EngineMaterials/PreintegratedSkinBRDF.uexp" 538
"../../../Engine/Content/EngineMaterials/DefaultCalibrationGrayscale.uasset" 539
"../../../Engine/Content/EngineMaterials/DefaultCalibrationGrayscale.uexp" 540
"../../../Engine/Content/EngineMaterials/PPM_DefaultCalibrationGrayscale.uasset" 541
"../../../Engine/Content/EngineMaterials/PPM_DefaultCalibrationGrayscale.uexp" 542
"../../../Engine/Content/EngineMaterials/DefaultCalibrationColor.uasset" 543
"../../../Engine/Content/EngineMaterials/DefaultCalibrationColor.uexp" 544
"../../../Engine/Content/EngineMaterials/PPM_DefaultCalibrationColor.uasset" 545
"../../../Engine/Content/EngineMaterials/PPM_DefaultCalibrationColor.uexp" 546
"../../../Engine/Content/EngineMaterials/PhAT_JointLimitMaterial.uasset" 547
"../../../Engine/Content/EngineMaterials/PhAT_JointLimitMaterial.uexp" 548
"../../../Engine/Content/EngineMaterials/NaniteHiddenSectionMaterial.uasset" 549
"../../../Engine/Content/EngineMaterials/NaniteHiddenSectionMaterial.uexp" 550
"../../../Engine/Content/EngineMaterials/InvalidLightmapSettings.ubulk" 551
"../../../Engine/Content/EngineMaterials/InvalidLightmapSettings.uasset" 552
"../../../Engine/Content/EngineMaterials/InvalidLightmapSettings.uexp" 553
"../../../Engine/Content/EngineMaterials/M_InvalidLightmapSettings.uasset" 554
"../../../Engine/Content/EngineMaterials/M_InvalidLightmapSettings.uexp" 555
"../../../Engine/Content/EngineMaterials/MiniFont.uasset" 556
"../../../Engine/Content/EngineMaterials/MiniFont.uexp" 557
"../../../Engine/Content/EngineMaterials/GizmoMaterial.uasset" 558
"../../../Engine/Content/EngineMaterials/GizmoMaterial.uexp" 559
"../../../Engine/Content/EngineMaterials/BaseFlattenDiffuseMap_VT.ubulk" 560
"../../../Engine/Content/EngineMaterials/BaseFlattenDiffuseMap_VT.uasset" 561
"../../../Engine/Content/EngineMaterials/BaseFlattenDiffuseMap_VT.uexp" 562
"../../../Engine/Content/EngineMaterials/BaseFlattenEmissiveMap_VT.ubulk" 563
"../../../Engine/Content/EngineMaterials/BaseFlattenEmissiveMap_VT.uasset" 564
"../../../Engine/Content/EngineMaterials/BaseFlattenEmissiveMap_VT.uexp" 565
"../../../Engine/Content/EngineMaterials/BaseFlattenGrayscaleMap_VT.ubulk" 566
"../../../Engine/Content/EngineMaterials/BaseFlattenGrayscaleMap_VT.uasset" 567
"../../../Engine/Content/EngineMaterials/BaseFlattenGrayscaleMap_VT.uexp" 568
"../../../Engine/Content/EngineMaterials/BaseFlattenLinearColor_VT.ubulk" 569
"../../../Engine/Content/EngineMaterials/BaseFlattenLinearColor_VT.uasset" 570
"../../../Engine/Content/EngineMaterials/BaseFlattenLinearColor_VT.uexp" 571
"../../../Engine/Content/EngineMaterials/BaseFlattenNormalMap_VT.ubulk" 572
"../../../Engine/Content/EngineMaterials/BaseFlattenNormalMap_VT.uasset" 573
"../../../Engine/Content/EngineMaterials/BaseFlattenNormalMap_VT.uexp" 574
"../../../Engine/Content/EngineMaterials/Black_1x1_EXR_Texture_VT.ubulk" 575
"../../../Engine/Content/EngineMaterials/Black_1x1_EXR_Texture_VT.uasset" 576
"../../../Engine/Content/EngineMaterials/Black_1x1_EXR_Texture_VT.uexp" 577
"../../../Engine/Content/EngineMaterials/FlattenMaterial_WS_Normal_VT.uasset" 578
"../../../Engine/Content/EngineMaterials/FlattenMaterial_WS_Normal_VT.uexp" 579
"../../../Engine/Content/EngineMaterials/FlattenMaterial_VT.uasset" 580
"../../../Engine/Content/EngineMaterials/FlattenMaterial_VT.uexp" 581
"../../../Engine/Content/EngineMaterials/BaseFlattenNormalMap.uasset" 582
"../../../Engine/Content/EngineMaterials/BaseFlattenNormalMap.uexp" 583
"../../../Engine/Content/EngineMaterials/BaseFlattenDiffuseMap.uasset" 584
"../../../Engine/Content/EngineMaterials/BaseFlattenDiffuseMap.uexp" 585
"../../../Engine/Content/EngineMaterials/BaseFlattenEmissiveMap.uasset" 586
"../../../Engine/Content/EngineMaterials/BaseFlattenEmissiveMap.uexp" 587
"../../../Engine/Content/EngineMaterials/BaseFlattenGrayscaleMap.uasset" 588
"../../../Engine/Content/EngineMaterials/BaseFlattenGrayscaleMap.uexp" 589
"../../../Engine/Content/EngineMaterials/BaseFlattenLinearColor.uasset" 590
"../../../Engine/Content/EngineMaterials/BaseFlattenLinearColor.uexp" 591
"../../../Engine/Content/Functions/Engine_MaterialFunctions02/PivotPainter2/Black_1x1_EXR_Texture.uasset" 592
"../../../Engine/Content/Functions/Engine_MaterialFunctions02/PivotPainter2/Black_1x1_EXR_Texture.uexp" 593
"../../../Engine/Content/EngineMaterials/FlattenMaterial.uasset" 594
"../../../Engine/Content/EngineMaterials/FlattenMaterial.uexp" 595
"../../../Engine/Content/EngineMaterials/FastBlueNoise_vec2_128x128x64.uasset" 596
"../../../Engine/Content/EngineMaterials/FastBlueNoise_vec2_128x128x64.uexp" 597
"../../../Engine/Content/EngineMaterials/FastBlueNoise_scalar_128x128x8.uasset" 598
"../../../Engine/Content/EngineMaterials/FastBlueNoise_scalar_128x128x8.uexp" 599
"../../../Engine/Content/EngineMaterials/FastBlueNoise_scalar_128x128x64.uasset" 600
"../../../Engine/Content/EngineMaterials/FastBlueNoise_scalar_128x128x64.uexp" 601
"../../../Engine/Content/EngineMaterials/DefaultWhiteGrid_Low.uasset" 602
"../../../Engine/Content/EngineMaterials/DefaultWhiteGrid_Low.uexp" 603
"../../../Engine/Content/EngineMaterials/EmissiveMeshMaterial.uasset" 604
"../../../Engine/Content/EngineMaterials/EmissiveMeshMaterial.uexp" 605
"../../../Engine/Content/EngineMaterials/DefaultWhiteGrid.ubulk" 606
"../../../Engine/Content/EngineMaterials/DefaultWhiteGrid.uasset" 607
"../../../Engine/Content/EngineMaterials/DefaultWhiteGrid.uexp" 608
"../../../Engine/Content/EngineFonts/RobotoDistanceField.uasset" 609
"../../../Engine/Content/EngineFonts/RobotoDistanceField.uexp" 610
"../../../Engine/Content/EngineMaterials/DefaultTextMaterialOpaque.uasset" 611
"../../../Engine/Content/EngineMaterials/DefaultTextMaterialOpaque.uexp" 612
"../../../Engine/Content/EngineMaterials/DefaultPostProcessMaterial.uasset" 613
"../../../Engine/Content/EngineMaterials/DefaultPostProcessMaterial.uexp" 614
"../../../Engine/Content/EngineMaterials/DefaultLightFunctionMaterial.uasset" 615
"../../../Engine/Content/EngineMaterials/DefaultLightFunctionMaterial.uexp" 616
"../../../Engine/Content/EngineMaterials/DefaultDeferredDecalMaterial.uasset" 617
"../../../Engine/Content/EngineMaterials/DefaultDeferredDecalMaterial.uexp" 618
"../../../Engine/Content/EngineMaterials/DefaultBokeh.uasset" 619
"../../../Engine/Content/EngineMaterials/DefaultBokeh.uexp" 620
"../../../Engine/Content/EngineMaterials/DefaultBloomKernel.uasset" 621
"../../../Engine/Content/EngineMaterials/DefaultBloomKernel.uexp" 622
"../../../Engine/Content/Functions/Engine_MaterialFunctions02/Utility/CameraDirectionVector.uasset" 623
"../../../Engine/Content/Functions/Engine_MaterialFunctions02/Utility/CameraDirectionVector.uexp" 624
"../../../Engine/Content/EngineDebugMaterials/VolumeToRender.uasset" 625
"../../../Engine/Content/EngineDebugMaterials/VolumeToRender.uexp" 626
"../../../Engine/Content/EngineDebugMaterials/M_VolumeRenderSphereTracePP.uasset" 627
"../../../Engine/Content/EngineDebugMaterials/M_VolumeRenderSphereTracePP.uexp" 628
"../../../Engine/Content/EngineDebugMaterials/M_SimpleUnlitTranslucent.uasset" 629
"../../../Engine/Content/EngineDebugMaterials/M_SimpleUnlitTranslucent.uexp" 630
"../../../Engine/Content/EngineDebugMaterials/DebugMeshMaterial.uasset" 631
"../../../Engine/Content/EngineDebugMaterials/DebugMeshMaterial.uexp" 632
"../../../Engine/Content/EngineDebugMaterials/DebugEditorMaterial.uasset" 633
"../../../Engine/Content/EngineDebugMaterials/DebugEditorMaterial.uexp" 634
"../../../Engine/Content/EngineDamageTypes/DmgTypeBP_Environmental.uasset" 635
"../../../Engine/Content/EngineDamageTypes/DmgTypeBP_Environmental.uexp" 636
"../../../Engine/Content/EditorResources/S_Terrain.ubulk" 637
"../../../Engine/Content/EditorResources/S_Terrain.uasset" 638
"../../../Engine/Content/EditorResources/S_Terrain.uexp" 639
"../../../Engine/Content/EditorResources/BSPVertex.uasset" 640
"../../../Engine/Content/EditorResources/BSPVertex.uexp" 641
"C:/Users/Naugh/Downloads/Rebound/ReBound/Content/Blueprints/BP_GameInstance.uasset" 642
"C:/Users/Naugh/Downloads/Rebound/ReBound/Content/Blueprints/BP_GameInstance.uexp" 643
"../../../Engine/Plugins/VirtualProduction/CameraCalibrationCore/Content/Materials/M_DefaultOddSquare.uasset" 644
"../../../Engine/Plugins/VirtualProduction/CameraCalibrationCore/Content/Materials/M_DefaultOddSquare.uexp" 645
"../../../Engine/Plugins/VirtualProduction/CameraCalibrationCore/Content/Materials/M_DefaultEvenSquare.uasset" 646
"../../../Engine/Plugins/VirtualProduction/CameraCalibrationCore/Content/Materials/M_DefaultEvenSquare.uexp" 647
"../../../Engine/Plugins/Runtime/HairStrands/Content/Materials/HairMeshesDefaultMaterial.uasset" 648
"../../../Engine/Plugins/Runtime/HairStrands/Content/Materials/HairMeshesDefaultMaterial.uexp" 649
"../../../Engine/Plugins/Runtime/HairStrands/Content/Materials/HairDefaultMaterial.uasset" 650
"../../../Engine/Plugins/Runtime/HairStrands/Content/Materials/HairDefaultMaterial.uexp" 651
"../../../Engine/Content/Functions/Engine_MaterialFunctions02/Utility/MakeFloat2.uasset" 652
"../../../Engine/Content/Functions/Engine_MaterialFunctions02/Utility/MakeFloat2.uexp" 653
"../../../Engine/Content/EngineMaterials/HairDebugColor.uasset" 654
"../../../Engine/Content/EngineMaterials/HairDebugColor.uexp" 655
"../../../Engine/Content/EngineMaterials/HairColorMap.uasset" 656
"../../../Engine/Content/EngineMaterials/HairColorMap.uexp" 657
"../../../Engine/Plugins/Runtime/HairStrands/Content/Materials/HairGroupColors.uasset" 658
"../../../Engine/Plugins/Runtime/HairStrands/Content/Materials/HairGroupColors.uexp" 659
"../../../Engine/Plugins/Runtime/HairStrands/Content/Materials/HairDebugMaterial.uasset" 660
"../../../Engine/Plugins/Runtime/HairStrands/Content/Materials/HairDebugMaterial.uexp" 661
"../../../Engine/Plugins/Runtime/HairStrands/Content/Materials/HairCardsDefaultMaterial.uasset" 662
"../../../Engine/Plugins/Runtime/HairStrands/Content/Materials/HairCardsDefaultMaterial.uexp" 663
"../../../Engine/Plugins/Runtime/AudioWidgets/Content/Resources/ScrubHandleDown_Clamped.uasset" 664
"../../../Engine/Plugins/Runtime/AudioWidgets/Content/Resources/ScrubHandleDown_Clamped.uexp" 665
"../../../Engine/Plugins/Interchange/Assets/Content/Functions/MX_UsdPreviewSurface.uasset" 666
"../../../Engine/Plugins/Interchange/Assets/Content/Functions/MX_UsdPreviewSurface.uexp" 667
"../../../Engine/Plugins/Interchange/Assets/Content/Functions/MX_UniformEDF.uasset" 668
"../../../Engine/Plugins/Interchange/Assets/Content/Functions/MX_UniformEDF.uexp" 669
"../../../Engine/Plugins/Interchange/Assets/Content/Functions/MX_TranslucentBSDF.uasset" 670
"../../../Engine/Plugins/Interchange/Assets/Content/Functions/MX_TranslucentBSDF.uexp" 671
"../../../Engine/Plugins/Interchange/Assets/Content/Functions/MX_ThinFilmBSDF.uasset" 672
"../../../Engine/Plugins/Interchange/Assets/Content/Functions/MX_ThinFilmBSDF.uexp" 673
"../../../Engine/Plugins/Interchange/Assets/Content/Functions/MX_SurfaceUnlit.uasset" 674
"../../../Engine/Plugins/Interchange/Assets/Content/Functions/MX_SurfaceUnlit.uexp" 675
"../../../Engine/Plugins/Interchange/Assets/Content/Functions/MX_Surface.uasset" 676
"../../../Engine/Plugins/Interchange/Assets/Content/Functions/MX_Surface.uexp" 677
"../../../Engine/Plugins/Interchange/Assets/Content/Functions/MX_SubsurfaceBSDF.uasset" 678
"../../../Engine/Plugins/Interchange/Assets/Content/Functions/MX_SubsurfaceBSDF.uexp" 679
"../../../Engine/Plugins/Interchange/Assets/Content/Functions/MX_SheenBSDF.uasset" 680
"../../../Engine/Plugins/Interchange/Assets/Content/Functions/MX_SheenBSDF.uexp" 681
"../../../Engine/Plugins/Interchange/Assets/Content/Functions/MX_OrenNayarBSDF.uasset" 682
"../../../Engine/Plugins/Interchange/Assets/Content/Functions/MX_OrenNayarBSDF.uexp" 683
"../../../Engine/Plugins/Interchange/Assets/Content/Functions/MF_IridescenceNoLUT.uasset" 684
"../../../Engine/Plugins/Interchange/Assets/Content/Functions/MF_IridescenceNoLUT.uexp" 685
"../../../Engine/Plugins/Interchange/Assets/Content/Functions/MX_StandardSurface.uasset" 686
"../../../Engine/Plugins/Interchange/Assets/Content/Functions/MX_StandardSurface.uexp" 687
"../../../Engine/Plugins/Interchange/Assets/Content/Functions/MX_TransmissionSurface.uasset" 688
"../../../Engine/Plugins/Interchange/Assets/Content/Functions/MX_TransmissionSurface.uexp" 689
"../../../Engine/Plugins/Interchange/Assets/Content/Functions/MX_OpenPBR_Translucent.uasset" 690
"../../../Engine/Plugins/Interchange/Assets/Content/Functions/MX_OpenPBR_Translucent.uexp" 691
"../../../Engine/Plugins/Interchange/Assets/Content/Functions/MX_OpenPBR_Opaque.uasset" 692
"../../../Engine/Plugins/Interchange/Assets/Content/Functions/MX_OpenPBR_Opaque.uexp" 693
"../../../Engine/Plugins/Interchange/Assets/Content/Functions/MX_MeasuredEDF.uasset" 694
"../../../Engine/Plugins/Interchange/Assets/Content/Functions/MX_MeasuredEDF.uexp" 695
"../../../Engine/Plugins/Interchange/Assets/Content/Functions/MX_GeneralizedSchlickBSDF.uasset" 696
"../../../Engine/Plugins/Interchange/Assets/Content/Functions/MX_GeneralizedSchlickBSDF.uexp" 697
"../../../Engine/Plugins/Interchange/Assets/Content/Functions/MX_Displacement.uasset" 698
"../../../Engine/Plugins/Interchange/Assets/Content/Functions/MX_Displacement.uexp" 699
"../../../Engine/Plugins/Interchange/Assets/Content/Functions/MX_DielectricBSDF.uasset" 700
"../../../Engine/Plugins/Interchange/Assets/Content/Functions/MX_DielectricBSDF.uexp" 701
"../../../Engine/Plugins/Interchange/Assets/Content/Functions/MX_ConicalEDF.uasset" 702
"../../../Engine/Plugins/Interchange/Assets/Content/Functions/MX_ConicalEDF.uexp" 703
"../../../Engine/Plugins/Interchange/Assets/Content/Functions/MX_ConductorBSDF.uasset" 704
"../../../Engine/Plugins/Interchange/Assets/Content/Functions/MX_ConductorBSDF.uexp" 705
"../../../Engine/Plugins/Interchange/Assets/Content/Functions/MX_BurleyDiffuseBSDF.uasset" 706
"../../../Engine/Plugins/Interchange/Assets/Content/Functions/MX_BurleyDiffuseBSDF.uexp" 707
"../../../Engine/Plugins/Interchange/Assets/Content/Functions/MX_AnisotropicVDF.uasset" 708
"../../../Engine/Plugins/Interchange/Assets/Content/Functions/MX_AnisotropicVDF.uexp" 709
"../../../Engine/Plugins/Interchange/Assets/Content/Functions/MX_AbsorptionVDF.uasset" 710
"../../../Engine/Plugins/Interchange/Assets/Content/Functions/MX_AbsorptionVDF.uexp" 711
"../../../Engine/Plugins/Interchange/Assets/Content/gltf/Textures/T_White_srgb.uasset" 712
"../../../Engine/Plugins/Interchange/Assets/Content/gltf/Textures/T_White_srgb.uexp" 713
"../../../Engine/Plugins/Interchange/Assets/Content/gltf/MaterialFunctions/MF_BaseColor.uasset" 714
"../../../Engine/Plugins/Interchange/Assets/Content/gltf/MaterialFunctions/MF_BaseColor.uexp" 715
"../../../Engine/Plugins/Interchange/Assets/Content/gltf/MaterialFunctions/MF_RotateV2.uasset" 716
"../../../Engine/Plugins/Interchange/Assets/Content/gltf/MaterialFunctions/MF_RotateV2.uexp" 717
"../../../Engine/Plugins/Interchange/Assets/Content/gltf/MaterialFunctions/MF_TransformUVs.uasset" 718
"../../../Engine/Plugins/Interchange/Assets/Content/gltf/MaterialFunctions/MF_TransformUVs.uexp" 719
"../../../Engine/Plugins/Interchange/Assets/Content/gltf/MaterialBodies/MF_Unlit_Body.uasset" 720
"../../../Engine/Plugins/Interchange/Assets/Content/gltf/MaterialBodies/MF_Unlit_Body.uexp" 721
"../../../Engine/Plugins/Interchange/Assets/Content/gltf/M_Unlit.uasset" 722
"../../../Engine/Plugins/Interchange/Assets/Content/gltf/M_Unlit.uexp" 723
"../../../Engine/Plugins/Interchange/Assets/Content/gltf/MaterialInstances/MI_Unlit_Opaque_DS.uasset" 724
"../../../Engine/Plugins/Interchange/Assets/Content/gltf/MaterialInstances/MI_Unlit_Opaque_DS.uexp" 725
"../../../Engine/Plugins/Interchange/Assets/Content/gltf/MaterialInstances/MI_Unlit_Opaque.uasset" 726
"../../../Engine/Plugins/Interchange/Assets/Content/gltf/MaterialInstances/MI_Unlit_Opaque.uexp" 727
"../../../Engine/Plugins/Interchange/Assets/Content/gltf/MaterialInstances/MI_Unlit_Mask_DS.uasset" 728
"../../../Engine/Plugins/Interchange/Assets/Content/gltf/MaterialInstances/MI_Unlit_Mask_DS.uexp" 729
"../../../Engine/Plugins/Interchange/Assets/Content/gltf/MaterialInstances/MI_Unlit_Mask.uasset" 730
"../../../Engine/Plugins/Interchange/Assets/Content/gltf/MaterialInstances/MI_Unlit_Mask.uexp" 731
"../../../Engine/Plugins/Interchange/Assets/Content/gltf/MaterialInstances/MI_Unlit_Blend_DS.uasset" 732
"../../../Engine/Plugins/Interchange/Assets/Content/gltf/MaterialInstances/MI_Unlit_Blend_DS.uexp" 733
"../../../Engine/Plugins/Interchange/Assets/Content/gltf/MaterialInstances/MI_Unlit_Blend.uasset" 734
"../../../Engine/Plugins/Interchange/Assets/Content/gltf/MaterialInstances/MI_Unlit_Blend.uexp" 735
"../../../Engine/Content/EngineMaterials/Good64x64TilingNoiseHighFreq.uasset" 736
"../../../Engine/Content/EngineMaterials/Good64x64TilingNoiseHighFreq.uexp" 737
"../../../Engine/Content/Functions/Engine_MaterialFunctions02/Texturing/ScreenAlignedPixelToPixelUVs.uasset" 738
"../../../Engine/Content/Functions/Engine_MaterialFunctions02/Texturing/ScreenAlignedPixelToPixelUVs.uexp" 739
"../../../Engine/Plugins/Interchange/Assets/Content/Utilities/New_LUT.uasset" 740
"../../../Engine/Plugins/Interchange/Assets/Content/Utilities/New_LUT.uexp" 741
"../../../Engine/Content/Functions/Engine_MaterialFunctions03/Math/RemapValueRange.uasset" 742
"../../../Engine/Content/Functions/Engine_MaterialFunctions03/Math/RemapValueRange.uexp" 743
"../../../Engine/Plugins/Interchange/Assets/Content/Functions/MF_Iridescence.uasset" 744
"../../../Engine/Plugins/Interchange/Assets/Content/Functions/MF_Iridescence.uexp" 745
"../../../Engine/Plugins/Interchange/Assets/Content/gltf/MaterialFunctions/MF_Fresnel_DS.uasset" 746
"../../../Engine/Plugins/Interchange/Assets/Content/gltf/MaterialFunctions/MF_Fresnel_DS.uexp" 747
"../../../Engine/Plugins/Interchange/Assets/Content/gltf/MaterialFunctions/MF_IOR.uasset" 748
"../../../Engine/Plugins/Interchange/Assets/Content/gltf/MaterialFunctions/MF_IOR.uexp" 749
"../../../Engine/Plugins/Interchange/Assets/Content/gltf/MaterialFunctions/MF_Iridescence.uasset" 750
"../../../Engine/Plugins/Interchange/Assets/Content/gltf/MaterialFunctions/MF_Iridescence.uexp" 751
"../../../Engine/Plugins/Interchange/Assets/Content/gltf/Textures/T_White_Linear.uasset" 752
"../../../Engine/Plugins/Interchange/Assets/Content/gltf/Textures/T_White_Linear.uexp" 753
"../../../Engine/Plugins/Interchange/Assets/Content/gltf/MaterialFunctions/MF_MetallicRoughness.uasset" 754
"../../../Engine/Plugins/Interchange/Assets/Content/gltf/MaterialFunctions/MF_MetallicRoughness.uexp" 755
"../../../Engine/Plugins/Interchange/Assets/Content/gltf/MaterialFunctions/MF_RotateNormals_TS.uasset" 756
"../../../Engine/Plugins/Interchange/Assets/Content/gltf/MaterialFunctions/MF_RotateNormals_TS.uexp" 757
"../../../Engine/Plugins/Interchange/Assets/Content/gltf/MaterialFunctions/MF_ScaleNormal.uasset" 758
"../../../Engine/Plugins/Interchange/Assets/Content/gltf/MaterialFunctions/MF_ScaleNormal.uexp" 759
"../../../Engine/Plugins/Interchange/Assets/Content/gltf/Textures/T_Generic_N.uasset" 760
"../../../Engine/Plugins/Interchange/Assets/Content/gltf/Textures/T_Generic_N.uexp" 761
"../../../Engine/Plugins/Interchange/Assets/Content/gltf/MaterialFunctions/MF_Normals.uasset" 762
"../../../Engine/Plugins/Interchange/Assets/Content/gltf/MaterialFunctions/MF_Normals.uexp" 763
"../../../Engine/Plugins/Interchange/Assets/Content/gltf/MaterialFunctions/MF_Occlusion.uasset" 764
"../../../Engine/Plugins/Interchange/Assets/Content/gltf/MaterialFunctions/MF_Occlusion.uexp" 765
"../../../Engine/Plugins/Interchange/Assets/Content/gltf/MaterialFunctions/MF_Specular.uasset" 766
"../../../Engine/Plugins/Interchange/Assets/Content/gltf/MaterialFunctions/MF_Specular.uexp" 767
"../../../Engine/Plugins/Interchange/Assets/Content/gltf/Textures/T_Anisotropy_Direction_Linear.uasset" 768
"../../../Engine/Plugins/Interchange/Assets/Content/gltf/Textures/T_Anisotropy_Direction_Linear.uexp" 769
"../../../Engine/Plugins/Interchange/Assets/Content/gltf/MaterialFunctions/MF_SpecularAnisotropy.uasset" 770
"../../../Engine/Plugins/Interchange/Assets/Content/gltf/MaterialFunctions/MF_SpecularAnisotropy.uexp" 771
"../../../Engine/Plugins/Interchange/Assets/Content/gltf/MaterialFunctions/MF_Temporal_Blur.uasset" 772
"../../../Engine/Plugins/Interchange/Assets/Content/gltf/MaterialFunctions/MF_Temporal_Blur.uexp" 773
"../../../Engine/Plugins/Interchange/Assets/Content/gltf/MaterialFunctions/MF_Transmission.uasset" 774
"../../../Engine/Plugins/Interchange/Assets/Content/gltf/MaterialFunctions/MF_Transmission.uexp" 775
"../../../Engine/Plugins/Interchange/Assets/Content/gltf/MaterialBodies/MF_Transmission_Body.uasset" 776
"../../../Engine/Plugins/Interchange/Assets/Content/gltf/MaterialBodies/MF_Transmission_Body.uexp" 777
"../../../Engine/Plugins/Interchange/Assets/Content/gltf/M_Transmission.uasset" 778
"../../../Engine/Plugins/Interchange/Assets/Content/gltf/M_Transmission.uexp" 779
"../../../Engine/Plugins/Interchange/Assets/Content/gltf/MaterialInstances/MI_Transmission_DS.uasset" 780
"../../../Engine/Plugins/Interchange/Assets/Content/gltf/MaterialInstances/MI_Transmission_DS.uexp" 781
"../../../Engine/Plugins/Interchange/Assets/Content/gltf/MaterialInstances/MI_Transmission.uasset" 782
"../../../Engine/Plugins/Interchange/Assets/Content/gltf/MaterialInstances/MI_Transmission.uexp" 783
"../../../Engine/Content/Functions/Engine_MaterialFunctions02/Math/AddComponents.uasset" 784
"../../../Engine/Content/Functions/Engine_MaterialFunctions02/Math/AddComponents.uexp" 785
"../../../Engine/Plugins/Interchange/Assets/Content/gltf/MaterialFunctions/MF_DiffuseSpecGloss.uasset" 786
"../../../Engine/Plugins/Interchange/Assets/Content/gltf/MaterialFunctions/MF_DiffuseSpecGloss.uexp" 787
"../../../Engine/Plugins/Interchange/Assets/Content/gltf/MaterialFunctions/MF_Emissive.uasset" 788
"../../../Engine/Plugins/Interchange/Assets/Content/gltf/MaterialFunctions/MF_Emissive.uexp" 789
"../../../Engine/Plugins/Interchange/Assets/Content/gltf/MaterialFunctions/MF_MaxComponentValue.uasset" 790
"../../../Engine/Plugins/Interchange/Assets/Content/gltf/MaterialFunctions/MF_MaxComponentValue.uexp" 791
"../../../Engine/Plugins/Interchange/Assets/Content/gltf/MaterialFunctions/MF_PerceivedBrightness.uasset" 792
"../../../Engine/Plugins/Interchange/Assets/Content/gltf/MaterialFunctions/MF_PerceivedBrightness.uexp" 793
"../../../Engine/Plugins/Interchange/Assets/Content/gltf/MaterialFunctions/MF_SpecGlossToMetalRoughness.uasset" 794
"../../../Engine/Plugins/Interchange/Assets/Content/gltf/MaterialFunctions/MF_SpecGlossToMetalRoughness.uexp" 795
"../../../Engine/Plugins/Interchange/Assets/Content/gltf/MaterialBodies/MF_SpecularGlossiness_Body.uasset" 796
"../../../Engine/Plugins/Interchange/Assets/Content/gltf/MaterialBodies/MF_SpecularGlossiness_Body.uexp" 797
"../../../Engine/Plugins/Interchange/Assets/Content/gltf/M_SpecularGlossiness.uasset" 798
"../../../Engine/Plugins/Interchange/Assets/Content/gltf/M_SpecularGlossiness.uexp" 799
"../../../Engine/Plugins/Interchange/Assets/Content/gltf/MaterialInstances/MI_SpecularGlossiness_Opaque_DS.uasset" 800
"../../../Engine/Plugins/Interchange/Assets/Content/gltf/MaterialInstances/MI_SpecularGlossiness_Opaque_DS.uexp" 801
"../../../Engine/Plugins/Interchange/Assets/Content/gltf/MaterialInstances/MI_SpecularGlossiness_Opaque.uasset" 802
"../../../Engine/Plugins/Interchange/Assets/Content/gltf/MaterialInstances/MI_SpecularGlossiness_Opaque.uexp" 803
"../../../Engine/Plugins/Interchange/Assets/Content/gltf/MaterialInstances/MI_SpecularGlossiness_Mask_DS.uasset" 804
"../../../Engine/Plugins/Interchange/Assets/Content/gltf/MaterialInstances/MI_SpecularGlossiness_Mask_DS.uexp" 805
"../../../Engine/Plugins/Interchange/Assets/Content/gltf/MaterialInstances/MI_SpecularGlossiness_Mask.uasset" 806
"../../../Engine/Plugins/Interchange/Assets/Content/gltf/MaterialInstances/MI_SpecularGlossiness_Mask.uexp" 807
"../../../Engine/Plugins/Interchange/Assets/Content/gltf/MaterialInstances/MI_SpecularGlossiness_Blend_DS.uasset" 808
"../../../Engine/Plugins/Interchange/Assets/Content/gltf/MaterialInstances/MI_SpecularGlossiness_Blend_DS.uexp" 809
"../../../Engine/Plugins/Interchange/Assets/Content/gltf/MaterialInstances/MI_SpecularGlossiness_Blend.uasset" 810
"../../../Engine/Plugins/Interchange/Assets/Content/gltf/MaterialInstances/MI_SpecularGlossiness_Blend.uexp" 811
"../../../Engine/Plugins/Interchange/Assets/Content/gltf/MaterialFunctions/MF_Sheen.uasset" 812
"../../../Engine/Plugins/Interchange/Assets/Content/gltf/MaterialFunctions/MF_Sheen.uexp" 813
"../../../Engine/Plugins/Interchange/Assets/Content/gltf/MaterialBodies/MF_Sheen_Body.uasset" 814
"../../../Engine/Plugins/Interchange/Assets/Content/gltf/MaterialBodies/MF_Sheen_Body.uexp" 815
"../../../Engine/Plugins/Interchange/Assets/Content/gltf/M_Sheen.uasset" 816
"../../../Engine/Plugins/Interchange/Assets/Content/gltf/M_Sheen.uexp" 817
"../../../Engine/Plugins/Interchange/Assets/Content/gltf/MaterialInstances/MI_Sheen_Opaque_DS.uasset" 818
"../../../Engine/Plugins/Interchange/Assets/Content/gltf/MaterialInstances/MI_Sheen_Opaque_DS.uexp" 819
"../../../Engine/Plugins/Interchange/Assets/Content/gltf/MaterialInstances/MI_Sheen_Opaque.uasset" 820
"../../../Engine/Plugins/Interchange/Assets/Content/gltf/MaterialInstances/MI_Sheen_Opaque.uexp" 821
"../../../Engine/Plugins/Interchange/Assets/Content/gltf/MaterialInstances/MI_Sheen_Mask_DS.uasset" 822
"../../../Engine/Plugins/Interchange/Assets/Content/gltf/MaterialInstances/MI_Sheen_Mask_DS.uexp" 823
"../../../Engine/Plugins/Interchange/Assets/Content/gltf/MaterialInstances/MI_Sheen_Mask.uasset" 824
"../../../Engine/Plugins/Interchange/Assets/Content/gltf/MaterialInstances/MI_Sheen_Mask.uexp" 825
"../../../Engine/Plugins/Interchange/Assets/Content/gltf/MaterialInstances/MI_Sheen_Blend_DS.uasset" 826
"../../../Engine/Plugins/Interchange/Assets/Content/gltf/MaterialInstances/MI_Sheen_Blend_DS.uexp" 827
"../../../Engine/Plugins/Interchange/Assets/Content/gltf/MaterialInstances/MI_Sheen_Blend.uasset" 828
"../../../Engine/Plugins/Interchange/Assets/Content/gltf/MaterialInstances/MI_Sheen_Blend.uexp" 829
"../../../Engine/Plugins/Interchange/Assets/Content/gltf/MaterialBodies/MF_Default_Body.uasset" 830
"../../../Engine/Plugins/Interchange/Assets/Content/gltf/MaterialBodies/MF_Default_Body.uexp" 831
"../../../Engine/Plugins/Interchange/Assets/Content/gltf/M_Default.uasset" 832
"../../../Engine/Plugins/Interchange/Assets/Content/gltf/M_Default.uexp" 833
"../../../Engine/Plugins/Interchange/Assets/Content/gltf/MaterialInstances/MI_Default_Opaque_DS.uasset" 834
"../../../Engine/Plugins/Interchange/Assets/Content/gltf/MaterialInstances/MI_Default_Opaque_DS.uexp" 835
"../../../Engine/Plugins/Interchange/Assets/Content/gltf/MaterialInstances/MI_Default_Opaque.uasset" 836
"../../../Engine/Plugins/Interchange/Assets/Content/gltf/MaterialInstances/MI_Default_Opaque.uexp" 837
"../../../Engine/Plugins/Interchange/Assets/Content/gltf/MaterialInstances/MI_Default_Mask_DS.uasset" 838
"../../../Engine/Plugins/Interchange/Assets/Content/gltf/MaterialInstances/MI_Default_Mask_DS.uexp" 839
"../../../Engine/Plugins/Interchange/Assets/Content/gltf/MaterialInstances/MI_Default_Mask.uasset" 840
"../../../Engine/Plugins/Interchange/Assets/Content/gltf/MaterialInstances/MI_Default_Mask.uexp" 841
"../../../Engine/Plugins/Interchange/Assets/Content/gltf/MaterialInstances/MI_Default_Blend_DS.uasset" 842
"../../../Engine/Plugins/Interchange/Assets/Content/gltf/MaterialInstances/MI_Default_Blend_DS.uexp" 843
"../../../Engine/Plugins/Interchange/Assets/Content/gltf/MaterialInstances/MI_Default_Blend.uasset" 844
"../../../Engine/Plugins/Interchange/Assets/Content/gltf/MaterialInstances/MI_Default_Blend.uexp" 845
"../../../Engine/Content/Functions/Engine_MaterialFunctions01/Texturing/FlattenNormal.uasset" 846
"../../../Engine/Content/Functions/Engine_MaterialFunctions01/Texturing/FlattenNormal.uexp" 847
"../../../Engine/Plugins/Interchange/Assets/Content/gltf/MaterialFunctions/MF_Clearcoat.uasset" 848
"../../../Engine/Plugins/Interchange/Assets/Content/gltf/MaterialFunctions/MF_Clearcoat.uexp" 849
"../../../Engine/Plugins/Interchange/Assets/Content/gltf/MaterialBodies/MF_ClearCoat_Body.uasset" 850
"../../../Engine/Plugins/Interchange/Assets/Content/gltf/MaterialBodies/MF_ClearCoat_Body.uexp" 851
"../../../Engine/Plugins/Interchange/Assets/Content/gltf/M_ClearCoat.uasset" 852
"../../../Engine/Plugins/Interchange/Assets/Content/gltf/M_ClearCoat.uexp" 853
"../../../Engine/Plugins/Interchange/Assets/Content/gltf/MaterialInstances/MI_ClearCoat_Opaque_DS.uasset" 854
"../../../Engine/Plugins/Interchange/Assets/Content/gltf/MaterialInstances/MI_ClearCoat_Opaque_DS.uexp" 855
"../../../Engine/Plugins/Interchange/Assets/Content/gltf/MaterialInstances/MI_ClearCoat_Opaque.uasset" 856
"../../../Engine/Plugins/Interchange/Assets/Content/gltf/MaterialInstances/MI_ClearCoat_Opaque.uexp" 857
"../../../Engine/Plugins/Interchange/Assets/Content/gltf/MaterialInstances/MI_ClearCoat_Mask_DS.uasset" 858
"../../../Engine/Plugins/Interchange/Assets/Content/gltf/MaterialInstances/MI_ClearCoat_Mask_DS.uexp" 859
"../../../Engine/Plugins/Interchange/Assets/Content/gltf/MaterialInstances/MI_ClearCoat_Mask.uasset" 860
"../../../Engine/Plugins/Interchange/Assets/Content/gltf/MaterialInstances/MI_ClearCoat_Mask.uexp" 861
"../../../Engine/Plugins/Interchange/Assets/Content/gltf/MaterialInstances/MI_ClearCoat_Blend_DS.uasset" 862
"../../../Engine/Plugins/Interchange/Assets/Content/gltf/MaterialInstances/MI_ClearCoat_Blend_DS.uexp" 863
"../../../Engine/Plugins/Interchange/Assets/Content/gltf/MaterialInstances/MI_ClearCoat_Blend.uasset" 864
"../../../Engine/Plugins/Interchange/Assets/Content/gltf/MaterialInstances/MI_ClearCoat_Blend.uexp" 865
"../../../Engine/Content/VREditor/TransformGizmo/BoundingBoxEdge.ubulk" 866
"../../../Engine/Content/VREditor/TransformGizmo/BoundingBoxEdge.uasset" 867
"../../../Engine/Content/VREditor/TransformGizmo/BoundingBoxEdge.uexp" 868
"../../../Engine/Content/VREditor/TransformGizmo/BoundingBoxCorner.ubulk" 869
"../../../Engine/Content/VREditor/TransformGizmo/BoundingBoxCorner.uasset" 870
"../../../Engine/Content/VREditor/TransformGizmo/BoundingBoxCorner.uexp" 871
"../../../Engine/Content/EngineResources/FilmGrains/Marcie_Grain_v3_128_M2_000.uasset" 872
"../../../Engine/Content/EngineResources/FilmGrains/Marcie_Grain_v3_128_M2_000.uexp" 873
"../../../Engine/Content/EngineResources/Development/ZenLogo_64.uasset" 874
"../../../Engine/Content/EngineResources/Development/ZenLogo_64.uexp" 875
"../../../Engine/Content/EngineMaterials/LTC/Sheen_LTC.uasset" 876
"../../../Engine/Content/EngineMaterials/LTC/Sheen_LTC.uexp" 877
"../../../Engine/Content/EngineMaterials/LTC/GGX_LTCMat.uasset" 878
"../../../Engine/Content/EngineMaterials/LTC/GGX_LTCMat.uexp" 879
"../../../Engine/Content/EngineMaterials/LTC/GGX_LTCAmp.uasset" 880
"../../../Engine/Content/EngineMaterials/LTC/GGX_LTCAmp.uexp" 881
"../../../Engine/Content/EngineMaterials/EnergyConservation/Sheen_Energy.uasset" 882
"../../../Engine/Content/EngineMaterials/EnergyConservation/Sheen_Energy.uexp" 883
"../../../Engine/Content/EngineMaterials/EnergyConservation/SheenLegacy_Energy.uasset" 884
"../../../Engine/Content/EngineMaterials/EnergyConservation/SheenLegacy_Energy.uexp" 885
"../../../Engine/Content/EngineMaterials/EnergyConservation/GGX_TransmissionEnergyArray.uasset" 886
"../../../Engine/Content/EngineMaterials/EnergyConservation/GGX_TransmissionEnergyArray.uexp" 887
"../../../Engine/Content/EngineMaterials/EnergyConservation/GGX_ReflectionEnergy.uasset" 888
"../../../Engine/Content/EngineMaterials/EnergyConservation/GGX_ReflectionEnergy.uexp" 889
"../../../Engine/Content/EngineMaterials/EnergyConservation/Diffuse_Energy.uasset" 890
"../../../Engine/Content/EngineMaterials/EnergyConservation/Diffuse_Energy.uexp" 891
"../../../Engine/Content/EditorResources/SequenceRecorder/RecordingIndicator.uasset" 892
"../../../Engine/Content/EditorResources/SequenceRecorder/RecordingIndicator.uexp" 893
"../../../Engine/Content/EditorResources/SequenceRecorder/Countdown.uasset" 894
"../../../Engine/Content/EditorResources/SequenceRecorder/Countdown.uexp" 895
"../../../Engine/Content/EditorMaterials/ParticleSystems/PSysThumbnail_OOD.ubulk" 896
"../../../Engine/Content/EditorMaterials/ParticleSystems/PSysThumbnail_OOD.uasset" 897
"../../../Engine/Content/EditorMaterials/ParticleSystems/PSysThumbnail_OOD.uexp" 898
"../../../Engine/Content/EditorMaterials/ParticleSystems/PSysThumbnail_NoImage.ubulk" 899
"../../../Engine/Content/EditorMaterials/ParticleSystems/PSysThumbnail_NoImage.uasset" 900
"../../../Engine/Content/EditorMaterials/ParticleSystems/PSysThumbnail_NoImage.uexp" 901
"../../../Engine/Content/EditorMaterials/Dataflow/DataflowVertexMaterial.uasset" 902
"../../../Engine/Content/EditorMaterials/Dataflow/DataflowVertexMaterial.uexp" 903
"../../../Engine/Content/EditorMaterials/Dataflow/DataflowTwoSidedVertexMaterial.uasset" 904
"../../../Engine/Content/EditorMaterials/Dataflow/DataflowTwoSidedVertexMaterial.uexp" 905
"../../../Engine/Content/Functions/Engine_MaterialFunctions01/Shading/PowerToRoughness.uasset" 906
"../../../Engine/Content/Functions/Engine_MaterialFunctions01/Shading/PowerToRoughness.uexp" 907
"../../../Engine/Content/Functions/Engine_MaterialFunctions01/Shading/ConvertFromDiffSpec.uasset" 908
"../../../Engine/Content/Functions/Engine_MaterialFunctions01/Shading/ConvertFromDiffSpec.uexp" 909
"../../../Engine/Content/EngineMaterials/Substrate/Volume/SubstrateSimpleVolumeLUT3D.uasset" 910
"../../../Engine/Content/EngineMaterials/Substrate/Volume/SubstrateSimpleVolumeLUT3D.uexp" 911
"../../../Engine/Content/EngineMaterials/Substrate/Volume/SubstrateSimpleVolumeEnvLUT3D.uasset" 912
"../../../Engine/Content/EngineMaterials/Substrate/Volume/SubstrateSimpleVolumeEnvLUT3D.uexp" 913
"../../../Engine/Content/EngineMaterials/Substrate/Glints2/AGlintTex2dArray2.uasset" 914
"../../../Engine/Content/EngineMaterials/Substrate/Glints2/AGlintTex2dArray2.uexp" 915
"../../../Engine/Content/EngineMaterials/Substrate/GLints/AGlintTex2dArray.uasset" 916
"../../../Engine/Content/EngineMaterials/Substrate/GLints/AGlintTex2dArray.uexp" 917
"../../../Engine/Content/ArtTools/RenderToTexture/Meshes/S_1_Unit_Plane.ubulk" 918
"../../../Engine/Content/ArtTools/RenderToTexture/Meshes/S_1_Unit_Plane.uasset" 919
"../../../Engine/Content/ArtTools/RenderToTexture/Meshes/S_1_Unit_Plane.uexp" 920
"../../../Engine/Plugins/Animation/DeformerGraph/Content/DeformerFunctions/DG_Function_LinearBlendSkin_Morph_Cloth.uasset" 921
"../../../Engine/Plugins/Animation/DeformerGraph/Content/DeformerFunctions/DG_Function_LinearBlendSkin_Morph_Cloth.uexp" 922
"../../../Engine/Plugins/Animation/DeformerGraph/Content/Deformers/DG_LinearBlendSkin_Morph_Cloth.uasset" 923
"../../../Engine/Plugins/Animation/DeformerGraph/Content/Deformers/DG_LinearBlendSkin_Morph_Cloth.uexp" 924
"../../../Engine/Plugins/Animation/DeformerGraph/Content/DeformerFunctions/DG_Function_LinearBlendSkin_Morph_Cloth_PositionOnly.uasset" 925
"../../../Engine/Plugins/Animation/DeformerGraph/Content/DeformerFunctions/DG_Function_LinearBlendSkin_Morph_Cloth_PositionOnly.uexp" 926
"../../../Engine/Plugins/Animation/DeformerGraph/Content/DeformerFunctions/DG_Function_ComputeNormalsTangents.uasset" 927
"../../../Engine/Plugins/Animation/DeformerGraph/Content/DeformerFunctions/DG_Function_ComputeNormalsTangents.uexp" 928
"../../../Engine/Plugins/Animation/DeformerGraph/Content/Deformers/DG_LinearBlendSkin_Morph_Cloth_RecomputeNormals.uasset" 929
"../../../Engine/Plugins/Animation/DeformerGraph/Content/Deformers/DG_LinearBlendSkin_Morph_Cloth_RecomputeNormals.uexp" 930
"../../../Engine/Plugins/NNE/NNEDenoiser/Content/NNEDT_Oidn2-3_Balanced.uasset" 931
"../../../Engine/Plugins/NNE/NNEDenoiser/Content/NNEDT_Oidn2-3_Balanced.uexp" 932
"../../../Engine/Plugins/NNE/NNEDenoiser/Content/NNEDT_Oidn2-3_Balanced_Alpha.uasset" 933
"../../../Engine/Plugins/NNE/NNEDenoiser/Content/NNEDT_Oidn2-3_Balanced_Alpha.uexp" 934
"../../../Engine/Plugins/NNE/NNEDenoiser/Content/NNED_Oidn2-3_Balanced.uasset" 935
"../../../Engine/Plugins/NNE/NNEDenoiser/Content/NNED_Oidn2-3_Balanced.uexp" 936
"../../../Engine/Plugins/NNE/NNEDenoiser/Content/NNED_Oidn2-3_Balanced_Alpha.uasset" 937
"../../../Engine/Plugins/NNE/NNEDenoiser/Content/NNED_Oidn2-3_Balanced_Alpha.uexp" 938
"../../../Engine/Plugins/NNE/NNEDenoiser/Content/NNED_Oidn2-3_Fast.uasset" 939
"../../../Engine/Plugins/NNE/NNEDenoiser/Content/NNED_Oidn2-3_Fast.uexp" 940
"../../../Engine/Plugins/NNE/NNEDenoiser/Content/NNED_Oidn2-3_Fast_Alpha.uasset" 941
"../../../Engine/Plugins/NNE/NNEDenoiser/Content/NNED_Oidn2-3_Fast_Alpha.uexp" 942
"../../../Engine/Plugins/NNE/NNEDenoiser/Content/NNED_Oidn2-3_HighQuality.uasset" 943
"../../../Engine/Plugins/NNE/NNEDenoiser/Content/NNED_Oidn2-3_HighQuality.uexp" 944
"../../../Engine/Plugins/NNE/NNEDenoiser/Content/NNED_Oidn2-3_HighQuality_Alpha.uasset" 945
"../../../Engine/Plugins/NNE/NNEDenoiser/Content/NNED_Oidn2-3_HighQuality_Alpha.uexp" 946
"../../../Engine/Content/EngineMaterials/DefaultMaterial.uasset" 947
"../../../Engine/Content/EngineMaterials/DefaultMaterial.uexp" 948
"../../../Engine/Content/Maps/Entry_BuiltData.uasset" 949
"../../../Engine/Content/Maps/Entry_BuiltData.uexp" 950
"../../../Engine/Content/Maps/Entry.uexp" 951
"../../../Engine/Content/Maps/Entry.umap" 952
"../../../Engine/Content/EngineSky/T_Sky_Stars.ubulk" 953
"../../../Engine/Content/EngineSky/T_Sky_Stars.uasset" 954
"../../../Engine/Content/EngineSky/T_Sky_Stars.uexp" 955
"../../../Engine/Content/EngineSky/T_Sky_Clouds_M.ubulk" 956
"../../../Engine/Content/EngineSky/T_Sky_Clouds_M.uasset" 957
"../../../Engine/Content/EngineSky/T_Sky_Clouds_M.uexp" 958
"../../../Engine/Content/EngineSky/T_Sky_Blue.ubulk" 959
"../../../Engine/Content/EngineSky/T_Sky_Blue.uasset" 960
"../../../Engine/Content/EngineSky/T_Sky_Blue.uexp" 961
"../../../Engine/Content/EngineSky/M_Sky_Panning_Clouds2.uasset" 962
"../../../Engine/Content/EngineSky/M_Sky_Panning_Clouds2.uexp" 963
"../../../Engine/Content/EngineSky/SM_SkySphere.ubulk" 964
"../../../Engine/Content/EngineSky/SM_SkySphere.uasset" 965
"../../../Engine/Content/EngineSky/SM_SkySphere.uexp" 966
"../../../Engine/Content/EngineSky/M_SimpleSkyDome.uasset" 967
"../../../Engine/Content/EngineSky/M_SimpleSkyDome.uexp" 968
"../../../Engine/Content/MapTemplates/SM_Template_Map_Floor.ubulk" 969
"../../../Engine/Content/MapTemplates/SM_Template_Map_Floor.uasset" 970
"../../../Engine/Content/MapTemplates/SM_Template_Map_Floor.uexp" 971
"../../../Engine/Content/EngineMaterials/BlendFunc_DefBlend.uasset" 972
"../../../Engine/Content/EngineMaterials/BlendFunc_DefBlend.uexp" 973
"../../../Engine/Content/EngineMaterials/BlendFunc_DefBase.uasset" 974
"../../../Engine/Content/EngineMaterials/BlendFunc_DefBase.uexp" 975
"../../../Engine/Content/Functions/Engine_MaterialFunctions03/Blends/Blend_Overlay.uasset" 976
"../../../Engine/Content/Functions/Engine_MaterialFunctions03/Blends/Blend_Overlay.uexp" 977
"../../../Engine/Content/Functions/Engine_MaterialFunctions01/Gradient/LinearGradient.uasset" 978
"../../../Engine/Content/Functions/Engine_MaterialFunctions01/Gradient/LinearGradient.uexp" 979
"../../../Engine/Content/OpenWorldTemplate/LandscapeMaterial/T_GridChecker_A.ubulk" 980
"../../../Engine/Content/OpenWorldTemplate/LandscapeMaterial/T_GridChecker_A.uasset" 981
"../../../Engine/Content/OpenWorldTemplate/LandscapeMaterial/T_GridChecker_A.uexp" 982
"../../../Engine/Content/Functions/Engine_MaterialFunctions01/ImageAdjustment/CheapContrast.uasset" 983
"../../../Engine/Content/Functions/Engine_MaterialFunctions01/ImageAdjustment/CheapContrast.uexp" 984
"../../../Engine/Content/OpenWorldTemplate/LandscapeMaterial/MF_ProcGrid.uasset" 985
"../../../Engine/Content/OpenWorldTemplate/LandscapeMaterial/MF_ProcGrid.uexp" 986
"../../../Engine/Content/OpenWorldTemplate/LandscapeMaterial/M_ProcGrid.uasset" 987
"../../../Engine/Content/OpenWorldTemplate/LandscapeMaterial/M_ProcGrid.uexp" 988
"../../../Engine/Content/OpenWorldTemplate/LandscapeMaterial/MI_ProcGrid.uasset" 989
"../../../Engine/Content/OpenWorldTemplate/LandscapeMaterial/MI_ProcGrid.uexp" 990
"../../../Engine/Content/EngineSky/VolumetricClouds/VT_PerlinWorley_Balanced.uasset" 991
"../../../Engine/Content/EngineSky/VolumetricClouds/VT_PerlinWorley_Balanced.uexp" 992
"../../../Engine/Content/EngineSky/VolumetricClouds/T_Profile_08.ubulk" 993
"../../../Engine/Content/EngineSky/VolumetricClouds/T_Profile_08.uasset" 994
"../../../Engine/Content/EngineSky/VolumetricClouds/T_Profile_08.uexp" 995
"../../../Engine/Content/EngineSky/VolumetricClouds/T_CloudPattern.ubulk" 996
"../../../Engine/Content/EngineSky/VolumetricClouds/T_CloudPattern.uasset" 997
"../../../Engine/Content/EngineSky/VolumetricClouds/T_CloudPattern.uexp" 998
"../../../Engine/Content/EngineSky/VolumetricClouds/T_CloudMask.ubulk" 999
"../../../Engine/Content/EngineSky/VolumetricClouds/T_CloudMask.uasset" 1000
"../../../Engine/Content/EngineSky/VolumetricClouds/T_CloudMask.uexp" 1001
"../../../Engine/Content/Functions/Engine_MaterialFunctions02/Utility/BreakOutFloat4Components.uasset" 1002
"../../../Engine/Content/Functions/Engine_MaterialFunctions02/Utility/BreakOutFloat4Components.uexp" 1003
"../../../Engine/Content/EngineResources/DefaultVolumeTexture2D.uasset" 1004
"../../../Engine/Content/EngineResources/DefaultVolumeTexture2D.uexp" 1005
"../../../Engine/Content/EngineResources/DefaultVolumeTexture.uasset" 1006
"../../../Engine/Content/EngineResources/DefaultVolumeTexture.uexp" 1007
"../../../Engine/Content/Functions/Engine_MaterialFunctions02/Utility/MakeFloat4.uasset" 1008
"../../../Engine/Content/Functions/Engine_MaterialFunctions02/Utility/MakeFloat4.uexp" 1009
"../../../Engine/Content/EngineSky/VolumetricClouds/VT_Lightning.uasset" 1010
"../../../Engine/Content/EngineSky/VolumetricClouds/VT_Lightning.uexp" 1011
"../../../Engine/Content/Functions/Engine_MaterialFunctions01/Units/Km-to-Cm.uasset" 1012
"../../../Engine/Content/Functions/Engine_MaterialFunctions01/Units/Km-to-Cm.uexp" 1013
"../../../Engine/Content/EngineSky/VolumetricClouds/m_SimpleVolumetricCloud.uasset" 1014
"../../../Engine/Content/EngineSky/VolumetricClouds/m_SimpleVolumetricCloud.uexp" 1015
"../../../Engine/Content/EngineSky/VolumetricClouds/m_SimpleVolumetricCloud_Inst.uasset" 1016
"../../../Engine/Content/EngineSky/VolumetricClouds/m_SimpleVolumetricCloud_Inst.uexp" 1017
"C:/Users/Naugh/Downloads/Rebound/ReBound/Content/Materials/Interactable_Green.uasset" 1018
"C:/Users/Naugh/Downloads/Rebound/ReBound/Content/Materials/Interactable_Green.uexp" 1019
"../../../Engine/Content/BasicShapes/Cube.ubulk" 1020
"../../../Engine/Content/BasicShapes/Cube.uasset" 1021
"../../../Engine/Content/BasicShapes/Cube.uexp" 1022
"../../../Engine/Content/BasicShapes/Sphere.ubulk" 1023
"../../../Engine/Content/BasicShapes/Sphere.uasset" 1024
"../../../Engine/Content/BasicShapes/Sphere.uexp" 1025
"../../../Engine/Content/BasicShapes/BasicShapeMaterial.uasset" 1026
"../../../Engine/Content/BasicShapes/BasicShapeMaterial.uexp" 1027
"C:/Users/Naugh/Downloads/Rebound/ReBound/Content/Materials/Blue.uasset" 1028
"C:/Users/Naugh/Downloads/Rebound/ReBound/Content/Materials/Blue.uexp" 1029
"../../../Engine/Content/BasicShapes/Cylinder.ubulk" 1030
"../../../Engine/Content/BasicShapes/Cylinder.uasset" 1031
"../../../Engine/Content/BasicShapes/Cylinder.uexp" 1032
"C:/Users/Naugh/Downloads/Rebound/ReBound/Content/Materials/Yellow.uasset" 1033
"C:/Users/Naugh/Downloads/Rebound/ReBound/Content/Materials/Yellow.uexp" 1034
"C:/Users/Naugh/Downloads/Rebound/ReBound/Content/Input/Actions/IA_GrabBackup.uasset" 1035
"C:/Users/Naugh/Downloads/Rebound/ReBound/Content/Input/Actions/IA_GrabBackup.uexp" 1036
"C:/Users/Naugh/Downloads/Rebound/ReBound/Content/Input/Actions/Player_2/IA_P2HookSwing.uasset" 1037
"C:/Users/Naugh/Downloads/Rebound/ReBound/Content/Input/Actions/Player_2/IA_P2HookSwing.uexp" 1038
"C:/Users/Naugh/Downloads/Rebound/ReBound/Content/Input/Actions/Player_2/IA_P2Slingshot.uasset" 1039
"C:/Users/Naugh/Downloads/Rebound/ReBound/Content/Input/Actions/Player_2/IA_P2Slingshot.uexp" 1040
"C:/Users/Naugh/Downloads/Rebound/ReBound/Content/Input/Actions/IA_Pause.uasset" 1041
"C:/Users/Naugh/Downloads/Rebound/ReBound/Content/Input/Actions/IA_Pause.uexp" 1042
"C:/Users/Naugh/Downloads/Rebound/ReBound/Content/Input/Actions/IA_Swing.uasset" 1043
"C:/Users/Naugh/Downloads/Rebound/ReBound/Content/Input/Actions/IA_Swing.uexp" 1044
"C:/Users/Naugh/Downloads/Rebound/ReBound/Content/Input/Actions/IA_Slingshot.uasset" 1045
"C:/Users/Naugh/Downloads/Rebound/ReBound/Content/Input/Actions/IA_Slingshot.uexp" 1046
"C:/Users/Naugh/Downloads/Rebound/ReBound/Content/Input/Actions/IA_Run.uasset" 1047
"C:/Users/Naugh/Downloads/Rebound/ReBound/Content/Input/Actions/IA_Run.uexp" 1048
"C:/Users/Naugh/Downloads/Rebound/ReBound/Content/Input/Actions/IA_Move.uasset" 1049
"C:/Users/Naugh/Downloads/Rebound/ReBound/Content/Input/Actions/IA_Move.uexp" 1050
"C:/Users/Naugh/Downloads/Rebound/ReBound/Content/Input/Actions/IA_Look.uasset" 1051
"C:/Users/Naugh/Downloads/Rebound/ReBound/Content/Input/Actions/IA_Look.uexp" 1052
"C:/Users/Naugh/Downloads/Rebound/ReBound/Content/Input/Actions/IA_Jump.uasset" 1053
"C:/Users/Naugh/Downloads/Rebound/ReBound/Content/Input/Actions/IA_Jump.uexp" 1054
"C:/Users/Naugh/Downloads/Rebound/ReBound/Content/Input/Actions/IA_Interact.uasset" 1055
"C:/Users/Naugh/Downloads/Rebound/ReBound/Content/Input/Actions/IA_Interact.uexp" 1056
"C:/Users/Naugh/Downloads/Rebound/ReBound/Content/Input/IMC_Default.uasset" 1057
"C:/Users/Naugh/Downloads/Rebound/ReBound/Content/Input/IMC_Default.uexp" 1058
"../../../Engine/Content/EditorResources/S_TargetPoint.uasset" 1059
"../../../Engine/Content/EditorResources/S_TargetPoint.uexp" 1060
"C:/Users/Naugh/Downloads/Rebound/ReBound/Content/Blueprints/UI/Reticle.uasset" 1061
"C:/Users/Naugh/Downloads/Rebound/ReBound/Content/Blueprints/UI/Reticle.uexp" 1062
"C:/Users/Naugh/Downloads/Rebound/ReBound/Content/Blueprints/Actor_Component/AC_LivesComponent.uasset" 1063
"C:/Users/Naugh/Downloads/Rebound/ReBound/Content/Blueprints/Actor_Component/AC_LivesComponent.uexp" 1064
"C:/Users/Naugh/Downloads/Rebound/ReBound/Content/Levels/Models/openPBR_shader1.uasset" 1065
"C:/Users/Naugh/Downloads/Rebound/ReBound/Content/Levels/Models/openPBR_shader1.uexp" 1066
"C:/Users/Naugh/Downloads/Rebound/ReBound/Content/Levels/Models/star.ubulk" 1067
"C:/Users/Naugh/Downloads/Rebound/ReBound/Content/Levels/Models/star.uasset" 1068
"C:/Users/Naugh/Downloads/Rebound/ReBound/Content/Levels/Models/star.uexp" 1069
"C:/Users/Naugh/Downloads/Rebound/ReBound/Content/Blueprints/Player/Swing/BP_WallGrapple.uasset" 1070
"C:/Users/Naugh/Downloads/Rebound/ReBound/Content/Blueprints/Player/Swing/BP_WallGrapple.uexp" 1071
"C:/Users/Naugh/Downloads/Rebound/ReBound/Content/Blueprints/Player/Swing/BP_PLAYER1GRAPPLE.uasset" 1072
"C:/Users/Naugh/Downloads/Rebound/ReBound/Content/Blueprints/Player/Swing/BP_PLAYER1GRAPPLE.uexp" 1073
"C:/Users/Naugh/Downloads/Rebound/ReBound/Content/Blueprints/Player/BP_Player.uasset" 1074
"C:/Users/Naugh/Downloads/Rebound/ReBound/Content/Blueprints/Player/BP_Player.uexp" 1075
"C:/Users/Naugh/Downloads/Rebound/ReBound/Content/Blueprints/InteractableObjects/BP_Checkpoint.uasset" 1076
"C:/Users/Naugh/Downloads/Rebound/ReBound/Content/Blueprints/InteractableObjects/BP_Checkpoint.uexp" 1077
"C:/Users/Naugh/Downloads/Rebound/ReBound/Content/Materials/Pink.uasset" 1078
"C:/Users/Naugh/Downloads/Rebound/ReBound/Content/Materials/Pink.uexp" 1079
"C:/Users/Naugh/Downloads/Rebound/ReBound/Content/Blueprints/InteractableObjects/BP_SlingShot.uasset" 1080
"C:/Users/Naugh/Downloads/Rebound/ReBound/Content/Blueprints/InteractableObjects/BP_SlingShot.uexp" 1081
"C:/Users/Naugh/Downloads/Rebound/ReBound/Content/Blueprints/UI/WBP_ControlScreen.uasset" 1082
"C:/Users/Naugh/Downloads/Rebound/ReBound/Content/Blueprints/UI/WBP_ControlScreen.uexp" 1083
"C:/Users/Naugh/Downloads/Rebound/ReBound/Content/Blueprints/UI/WBP_PauseScreen.uasset" 1084
"C:/Users/Naugh/Downloads/Rebound/ReBound/Content/Blueprints/UI/WBP_PauseScreen.uexp" 1085
"C:/Users/Naugh/Downloads/Rebound/ReBound/Content/Blueprints/Player/BP_PlayerController.uasset" 1086
"C:/Users/Naugh/Downloads/Rebound/ReBound/Content/Blueprints/Player/BP_PlayerController.uexp" 1087
"C:/Users/Naugh/Downloads/Rebound/ReBound/Content/Blueprints/Player/BP_Player1.uasset" 1088
"C:/Users/Naugh/Downloads/Rebound/ReBound/Content/Blueprints/Player/BP_Player1.uexp" 1089
"C:/Users/Naugh/Downloads/Rebound/ReBound/Content/Blueprints/Player/BP_GameMode.uasset" 1090
"C:/Users/Naugh/Downloads/Rebound/ReBound/Content/Blueprints/Player/BP_GameMode.uexp" 1091
"C:/Users/Naugh/Downloads/Rebound/ReBound/Content/Blueprints/BP_DeathFloor.uasset" 1092
"C:/Users/Naugh/Downloads/Rebound/ReBound/Content/Blueprints/BP_DeathFloor.uexp" 1093
"../../../Engine/Content/BasicShapes/Plane.ubulk" 1094
"../../../Engine/Content/BasicShapes/Plane.uasset" 1095
"../../../Engine/Content/BasicShapes/Plane.uexp" 1096
"C:/Users/Naugh/Downloads/Rebound/ReBound/Content/Materials/M_Ice.uasset" 1097
"C:/Users/Naugh/Downloads/Rebound/ReBound/Content/Materials/M_Ice.uexp" 1098
"C:/Users/Naugh/Downloads/Rebound/ReBound/Content/Blueprints/InteractableObjects/BP_Ice.uasset" 1099
"C:/Users/Naugh/Downloads/Rebound/ReBound/Content/Blueprints/InteractableObjects/BP_Ice.uexp" 1100
"C:/Users/Naugh/Downloads/Rebound/ReBound/Content/Blueprints/InteractableObjects/BP_PressurePlate.uasset" 1101
"C:/Users/Naugh/Downloads/Rebound/ReBound/Content/Blueprints/InteractableObjects/BP_PressurePlate.uexp" 1102
"C:/Users/Naugh/Downloads/Rebound/ReBound/Content/Blueprints/InteractableObjects/BP_MovingPlatform.uasset" 1103
"C:/Users/Naugh/Downloads/Rebound/ReBound/Content/Blueprints/InteractableObjects/BP_MovingPlatform.uexp" 1104
"C:/Users/Naugh/Downloads/Rebound/ReBound/Content/Blueprints/UI/UI_FRIENDINNEED.uasset" 1105
"C:/Users/Naugh/Downloads/Rebound/ReBound/Content/Blueprints/UI/UI_FRIENDINNEED.uexp" 1106
"C:/Users/Naugh/Downloads/Rebound/ReBound/Content/Blueprints/InteractableObjects/BP_Star.uasset" 1107
"C:/Users/Naugh/Downloads/Rebound/ReBound/Content/Blueprints/InteractableObjects/BP_Star.uexp" 1108
"C:/Users/Naugh/Downloads/Rebound/ReBound/Content/Blueprints/InteractableObjects/Player_1/BP_SwingPoint.uasset" 1109
"C:/Users/Naugh/Downloads/Rebound/ReBound/Content/Blueprints/InteractableObjects/Player_1/BP_SwingPoint.uexp" 1110
"C:/Users/Naugh/Downloads/Rebound/ReBound/Content/Blueprints/InteractableObjects/Player_2/BP_Box.uasset" 1111
"C:/Users/Naugh/Downloads/Rebound/ReBound/Content/Blueprints/InteractableObjects/Player_2/BP_Box.uexp" 1112
"C:/Users/Naugh/Downloads/Rebound/ReBound/Content/Blueprints/InteractableObjects/Player_2/BP_PullBox.uasset" 1113
"C:/Users/Naugh/Downloads/Rebound/ReBound/Content/Blueprints/InteractableObjects/Player_2/BP_PullBox.uexp" 1114
"C:/Users/Naugh/Downloads/Rebound/ReBound/Content/Levels/Models/Box_E0D373E3.ubulk" 1115
"C:/Users/Naugh/Downloads/Rebound/ReBound/Content/Levels/Models/Box_E0D373E3.uasset" 1116
"C:/Users/Naugh/Downloads/Rebound/ReBound/Content/Levels/Models/Box_E0D373E3.uexp" 1117
"C:/Users/Naugh/Downloads/Rebound/ReBound/Content/Blueprints/InteractableObjects/Player_2/BP_Wall.uasset" 1118
"C:/Users/Naugh/Downloads/Rebound/ReBound/Content/Blueprints/InteractableObjects/Player_2/BP_Wall.uexp" 1119
"C:/Users/Naugh/Downloads/Rebound/ReBound/Content/Blueprints/UI/ObjectiveShower.uasset" 1120
"C:/Users/Naugh/Downloads/Rebound/ReBound/Content/Blueprints/UI/ObjectiveShower.uexp" 1121
"C:/Users/Naugh/Downloads/Rebound/ReBound/Content/Blueprints/UI/UI_GoalText.uasset" 1122
"C:/Users/Naugh/Downloads/Rebound/ReBound/Content/Blueprints/UI/UI_GoalText.uexp" 1123
"C:/Users/Naugh/Downloads/Rebound/ReBound/Content/Levels/Tutorial_Level.uexp" 1124
"C:/Users/Naugh/Downloads/Rebound/ReBound/Content/Levels/Tutorial_Level.umap" 1125
"../../../Engine/Content/BasicShapes/Cone.ubulk" 1126
"../../../Engine/Content/BasicShapes/Cone.uasset" 1127
"../../../Engine/Content/BasicShapes/Cone.uexp" 1128
"C:/Users/Naugh/Downloads/Rebound/ReBound/Content/Materials/Red.uasset" 1129
"C:/Users/Naugh/Downloads/Rebound/ReBound/Content/Materials/Red.uexp" 1130
"C:/Users/Naugh/Downloads/Rebound/ReBound/Content/Blueprints/Hazards/BP_Spikes.uasset" 1131
"C:/Users/Naugh/Downloads/Rebound/ReBound/Content/Blueprints/Hazards/BP_Spikes.uexp" 1132
"C:/Users/Naugh/Downloads/Rebound/ReBound/Content/Blueprints/UI/WBP_LoseScreen.uasset" 1133
"C:/Users/Naugh/Downloads/Rebound/ReBound/Content/Blueprints/UI/WBP_LoseScreen.uexp" 1134
"C:/Users/Naugh/Downloads/Rebound/ReBound/Content/Blueprints/UI/WBP_Timer.uasset" 1135
"C:/Users/Naugh/Downloads/Rebound/ReBound/Content/Blueprints/UI/WBP_Timer.uexp" 1136
"C:/Users/Naugh/Downloads/Rebound/ReBound/Content/Blueprints/UI/BP_Timer_Manager.uasset" 1137
"C:/Users/Naugh/Downloads/Rebound/ReBound/Content/Blueprints/UI/BP_Timer_Manager.uexp" 1138
"C:/Users/Naugh/Downloads/Rebound/ReBound/Content/Levels/Level_4.uexp" 1139
"C:/Users/Naugh/Downloads/Rebound/ReBound/Content/Levels/Level_4.umap" 1140
"C:/Users/Naugh/Downloads/Rebound/ReBound/Content/Levels/Level_3.uexp" 1141
"C:/Users/Naugh/Downloads/Rebound/ReBound/Content/Levels/Level_3.umap" 1142
"C:/Users/Naugh/Downloads/Rebound/ReBound/Content/Levels/Level_2.uexp" 1143
"C:/Users/Naugh/Downloads/Rebound/ReBound/Content/Levels/Level_2.umap" 1144
"C:/Users/Naugh/Downloads/Rebound/ReBound/Content/Levels/Level_1.uexp" 1145
"C:/Users/Naugh/Downloads/Rebound/ReBound/Content/Levels/Level_1.umap" 1146
"C:/Users/Naugh/Downloads/Rebound/ReBound/Content/Blueprints/UI/WBP_WinScreen.uasset" 1147
"C:/Users/Naugh/Downloads/Rebound/ReBound/Content/Blueprints/UI/WBP_WinScreen.uexp" 1148
"C:/Users/Naugh/Downloads/Rebound/ReBound/Content/Blueprints/UI/WinScreen.uexp" 1149
"C:/Users/Naugh/Downloads/Rebound/ReBound/Content/Blueprints/UI/WinScreen.umap" 1150
"C:/Users/Naugh/Downloads/Rebound/ReBound/Content/Blueprints/UI/WBP_LevelSelect.uasset" 1151
"C:/Users/Naugh/Downloads/Rebound/ReBound/Content/Blueprints/UI/WBP_LevelSelect.uexp" 1152
"C:/Users/Naugh/Downloads/Rebound/ReBound/Content/Blueprints/UI/WBP_StartScreen.uasset" 1153
"C:/Users/Naugh/Downloads/Rebound/ReBound/Content/Blueprints/UI/WBP_StartScreen.uexp" 1154
"C:/Users/Naugh/Downloads/Rebound/ReBound/Content/Blueprints/UI/StartScreen.uexp" 1155
"C:/Users/Naugh/Downloads/Rebound/ReBound/Content/Blueprints/UI/StartScreen.umap" 1156
"C:/Users/Naugh/Downloads/Rebound/ReBound/Content/Blueprints/UI/LoseScreen.uexp" 1157
"C:/Users/Naugh/Downloads/Rebound/ReBound/Content/Blueprints/UI/LoseScreen.umap" 1158
